;;;;;Energia;Macronutrientes;;;A.G. Saturados;A.G. Insaturados;;;Fibra   ;;;Macrominerales;;;;;Oligoelementos;;;;;Vit. Liposolubles;;;;Vit. Hidrosolubles;;;;;;;;Verificacion;;;;;;;
Grupo alimentario;#;Alimento;Cantidad(g/mL);Medida casera;Kcal;CHO(g);Proteina(g);Grasa(g);A.G.S(g);A.G.M(g);A.G.P(g);Colesterol (mg);Fibra soluble;Fibra insoluble;Fibra total;Calcio(Ca)(mg);Fosforo(P)(mg);Sodio(Na)(mg);Potasio(K)(mg);Magnesio(Mg)(mg);Hierro(Fe)(mg);Zinc(Zn) (mg);Cobre(Cu)(mg);Manganeso(Mn)(mg);Selenio(Se)(mcg);Vit. E(mg);Vit.K(mcg);Vit.D(UI);Vit.A(ER); Vit.B1(mg);Vit.B2(mg);Vit.B3(mg);Vit.B5(mg);Vit.B6(mg);Vit.B9(mcg);Vit.B12(mcg);Vit.C(mg);Aprobado;;;;;;;
L1;1;Leche entera pasteurizada;180;1 vaso de 6 onzas;110;8,46;5,94;5,94;3,74;1,75;0,22;25,20;0,00;0,00;0,00;214,20;167,40;88,20;273,60;23,40;0,18;0,68;0,02;0,00;0,00;0,18;7,20;0,00;55,80;0,07;0,29;0,18;0,56;0,07;9,00;0,65;1,80;;;;;"Herramienta desarrollada por Yohan Adrian Ruiz Gualdron - Estudiante de
Nutrición y Dietética de la Universidad Industrial de Santander.
Elaborada a partir del Sistema de Alimentos Equivalentes UIS";;;
L2;2;Leche liquida entera;180;1 vaso de 6 onzas;110;8,28;6,12;5,94;3,62;1,73;0,22;25,20;0,00;0,00;0,00;216,00;171,00;88,20;273,60;23,40;0,36;0,68;0,00;0,00;3,60;0,18;0,00;3,60;64,80;0,07;0,32;0,18;0,56;0,07;9,00;0,65;3,60;;;;;;;;
L3;3;Leche baja en grasa 2% con adicion de Vit. A;220;1 pocillo chocolatero grande;110;12,48;8,58;4,94;3,12;1,46;0,18;20,80;0,00;0,00;0,00;317,20;247,00;130,00;400,40;36,40;0,26;1,01;0,03;0,00;5,72;0,18;0,00;104,00;148,20;0,10;0,44;0,26;0,83;0,10;13,00;0,94;2,60;;;;;;;;
L4;4;Leche baja en grasa 1% con adicion de Vit. A;260;1 vaso de 9 onzas;110;10,56;7,26;2,42;1,45;0,68;0,09;8,80;0,00;0,00;0,00;270,60;211,20;112,20;343,20;30,80;0,22;0,86;0,02;0,00;4,84;0,09;0,00;88,00;129,80;0,09;0,37;0,22;0,70;0,09;11,00;0,81;2,20;;;;;;;;
L5;5;Leche descremada pasteurizada, con adicion de Vit.A ;315;1 vaso grande;110;15,40;10,71;0,63;0,38;0,16;0,13;6,30;0,00;0,00;0,00;387,45;318,15;163,80;522,90;34,65;0,00;1,26;0,03;0,00;6,62;0,13;12,60;126,00;192,15;0,13;0,44;0,32;1,04;0,13;15,75;1,20;3,15;;;;;;;;
L6;6;Leche en polvo entera;20;2 cucharadas soperas rasas;110;7,68;5,26;5,34;3,35;1,58;0,01;19,40;0,00;0,00;0,00;182,40;155,20;74,20;266,00;17,00;0,10;0,67;0,02;0,01;3,26;0,22;0,00;62,40;56,00;0,06;0,24;0,12;0,45;0,06;7,40;0,65;1,80;;;;;;;;
L7;7;Leche en polvo descremada con adicion de Vit. A;30;3 cucharadas soperas rasas;110;15,60;10,86;0,24;0,15;0,06;0,01;6,00;0,00;0,00;0,00;377,10;290,40;160,50;538,20;33,00;0,09;1,22;0,01;0,01;0,69;0,00;0,00;0,00;213,00;0,13;0,47;0,30;1,07;0,11;15,00;1,21;2,10;;;;;;;;
L8;8;Leche en polvo descremada sin adicion de Vit.A;30;3 cucharadas soperas rasas;110;15,60;10,86;0,24;0,15;0,06;0,01;6,00;0,00;0,00;0,00;377,10;290,40;160,50;538,20;33,00;0,09;1,22;0,01;0,01;0,69;0,00;0,00;0,00;2,40;0,13;0,47;0,30;1,07;0,11;15,00;1,21;2,10;;;;;;;;
L9;9;Leche evaporada sin adicion de Vit. A;80;1 vaso de 2 onzas y 1/2;110;8,00;5,44;6,08;3,67;1,87;0,20;23,20;0,00;0,00;0,00;208,80;162,40;84,80;242,40;19,20;0,16;0,62;0,02;0,01;0,00;0,00;0,00;0,00;43,20;0,04;0,26;0,02;0,51;0,04;6,40;0,13;1,60;;;;;;;;
L10;10;Leche evaporada sin grasa;140;1 vaso de 5 onzas;110;15,96;10,64;0,28;0,17;0,08;0,01;5,60;0,00;0,00;0,00;406,00;273,00;161,00;4,65;37,80;0,42;1,26;0,03;0,01;3,50;0,07;0,00;112,00;163,80;0,07;0,43;0,28;1,04;0,08;12,60;0,34;1,40;;;;;;;;
L11;11;Leche evaporada con adicion de Vit. A;80;1 vaso de 2 onzas y 1/2;110;8,00;5,44;6,08;3,67;1,87;0,20;23,20;0,00;0,00;0,00;208,80;162,40;84,80;242,40;19,20;0,16;0,62;0,02;0,01;1,84;0,00;0,00;0,00;43,20;0,04;0,26;0,16;0,51;0,04;6,40;0,13;1,60;;;;;;;;
L12;12;Suero;455;2 tazas de 240 mL;110;23,21;3,64;0,46;0,27;0,14;0,00;4,55;0,00;0,00;0,00;468,65;354,90;218,40;650,65;45,50;0,46;1,96;0,00;0,00;0,00;0,00;0,00;0,00;4,55;0,18;0,64;0,46;1,73;0,18;9,10;0,82;0,00;;;;;;;;
L13;13;Leche de cabra liquida entera;160;1 vaso de 5 onzas y 1/2;110;7,20;5,76;6,56;4,27;1,78;0,24;17,60;0,00;0,00;0,00;214,40;177,60;80,00;326,40;22,40;0,16;0,48;0,08;0,03;2,24;0,14;0,00;19,20;89,60;0,08;0,22;0,48;0,50;0,08;1,60;0,11;1,60;;;;;;;;
L14;14;Leche de oveja liquida;100;1 vaso de 3 onzas;110;5,40;6,00;7,00;4,60;1,72;0,31;27,00;0,00;0,00;0,00;193,00;158,00;44,00;137,00;18,00;0,10;0,54;0,05;0,02;0,00;0,00;0,00;0,00;42,00;0,07;0,36;0,40;0,41;0,06;7,00;0,71;4,00;;;;;;;;
L15;15;Kumis;145;1 vaso de 5 onzas;110;21,61;5,08;0,58;0,00;0,00;0,00;0,00;0,00;0,00;0,00;153,70;81,20;0,00;0,00;0,00;0,15;0,00;0,00;0,00;0,00;0,00;0,00;0,00;0,00;0,04;0,25;0,00;0,00;0,00;0,00;0,00;1,45;;;;;;;;
L16;16;Yogurt;115;1 vaso de 4 onzas;110;16,79;3,34;3,34;0,00;0,00;0,00;0,00;0,00;0,00;0,00;127,65;73,60;0,00;0,00;0,00;0,35;0,00;0,00;0,00;0,00;0,00;0,00;0,00;0,00;0,05;0,23;0,23;0,00;0,00;0,00;0,00;3,45;;;;;;;;
L17;17;Yogurt natural bajo en grasa;175;1 vaso de 6 onzas;110;12,25;9,28;2,80;1,75;0,75;0,07;10,50;0,00;0,00;0,00;320,25;252,00;122,50;409,50;29,75;0,18;1,56;0,02;0,00;5,78;0,07;0,00;0,00;28,00;0,07;0,37;0,18;1,03;0,09;19,25;0,98;1,75;;;;;;;;
L18;18;Yogurt con fruta bajo en grasa ;110;1 vaso de 4 onzas;110;21,01;4,84;1,21;0,77;0,33;0,03;4,40;0,00;0,00;0,00;167,20;130,90;63,80;213,40;16,50;0,11;0,81;0,00;0,00;3,08;0,03;0,00;0,00;0,04;0,04;0,20;0,11;0,54;0,04;9,90;0,52;1,10;;;;;;;;
;;;;Promedio;110;12,97;6,95;3,34;1,95;0,89;0,11;12,99;0,00;0,00;0,00;267,25;204,26;102,05;299,03;24,44;0,20;0,86;0,02;0,01;2,33;0,07;1,10;28,62;70,92;0,08;0,35;0,23;0,70;0,08;9,30;0,61;2,07;;;;;;;;
AP1;19;Huevo gallina entero;50;1 unidad pequeña;75;0,6;6,25;5,00;1,55;1,91;0,68;212,50;0,00;0,00;0,00;24,50;89,00;63,00;60,50;5,00;0,70;0,55;0,01;0,01;15,40;525,00;25,00;26,00;95,50;0,03;0,26;0,05;0,63;0,07;23,50;0,50;0,00;Revisado;;;;;;;
AP2;20;Queso entero duro;20;1 tajada delgada;75;0,4;5,00;6,22;3,84;1,74;0,33;23,20;0,00;0,00;0,00;160,00;120,00;160,00;12,80;2,80;0,16;0,70;0,01;0,00;0,00;0,00;0,00;0,00;58,00;0,00;0,04;0,04;0,09;0,02;1,20;0,34;0,00;;;;;;;;
AP3;21;Queso parmesano rallado;15;1/2 onza;75;0,6;6,24;4,50;2,86;1,31;0,10;11,85;0,00;0,00;0,00;206,40;121,05;279,30;16,05;7,65;0,15;0,48;0,01;0,00;3,93;0,12;0,00;4,20;25,95;0,01;0,06;0,05;0,08;0,02;1,20;0,21;0,00;;;;;;;;
AP4;22;Queso  semiblando de leche entera;25;1 tajada delgada;75;1,3;5,43;4,75;0,00;0,00;0,00;0,00;0,00;0,00;0,00;172,50;95,00;0,00;0,00;0,00;0,18;0,00;0,00;0,00;0,00;0,00;0,00;0,00;84,00;0,01;0,10;0,03;0,00;0,00;0,00;0,00;0,00;;;;;;;;
AP5;23;Queso semidescremado semiblando;50;1 tajada mediana;75;3,2;14,10;2,40;0,00;0,00;0,00;0,00;0,00;0,00;0,00;400,00;250,00;0,00;0,00;0,00;0,65;0,00;0,00;0,00;0,00;0,00;0,00;0,00;5,00;0,02;0,25;0,05;0,00;0,00;0,00;0,00;0,00;;;;;;;;
AP6;24;Cuajada;30;1 onza;75;1,8;4,68;5,40;0,99;0,36;0,06;7,50;0,00;0,00;0,00;147,00;81,00;46,50;94,50;5,40;0,45;0,11;0,00;0,00;0,00;0,00;0,00;0,00;14,40;0,01;0,14;0,02;0,00;0,00;3,60;0,00;0,00;;;;;;;;
AP7;25;Queso de leche de cabra crudo;15;1/2 onza;75;0,3;4,58;5,34;3,69;1,22;0,13;15,75;0,00;0,00;0,00;134,25;109,35;51,90;7,20;8,10;0,29;0,24;0,09;0,04;0,00;0,00;0,00;0,00;67,05;0,02;0,18;0,36;0,06;0,01;0,60;0,02;0,00;;;;;;;;
AP8;26;Queso de leche de cabra semiblando;20;1 tajada delgada;75;0,5;4,32;5,96;4,13;1,36;0,14;15,80;0,00;0,00;0,00;59,60;75,00;103,00;31,60;5,80;0,32;13,20;11,20;0,02;0,00;0,00;0,00;0,00;80,00;0,01;0,14;0,22;0,04;0,01;0,40;0,04;0,00;;;;;;;;
AP9;27;Queso de leche de cabra blando;30;1 onza;75;0,1;5,55;1,06;0,73;0,24;0,03;2,30;0,00;0,00;0,00;7,00;12,80;0,18;1,30;0,80;0,10;0,05;3,65;0,01;0,00;0,00;0,00;0,00;14,15;0,00;0,02;0,02;3,40;0,01;0,60;0,01;0,00;;;;;;;;
AP10;28;Huevo de codorniz entero;45;4 unidades;75;0,2;5,90;5,00;1,60;1,94;0,59;379,80;0,00;0,00;0,00;28,80;101,70;63,45;59,40;5,85;1,67;0,66;0,03;0,02;14,40;0,33;0,00;0,00;40,50;0,06;0,36;0,09;0,79;0,07;29,70;0,71;0,00;;;;;;;;
C1;29;Carne de res de todos los cortes magra;100;3 onzas;150;0,0;21,5;6,5;2,3;2,6;0,2;59,0;0,0;0,0;0,0;6,0;215,0;63,0;356,0;22,0;2,7;4,3;0,1;0,0;18,3;0,0;0,0;12,0;0,0;0,1;0,2;5,1;0,4;0,4;7,0;3,3;0,0;Revisado;;;;;;;
C2;30;Carne de res de todos los cortes grasa aprox.17%;65;1/8 libra;150;0,0;12,2;11,2;4,5;4,8;0,4;42,9;0,0;0,0;0,0;3,9;136,5;37,7;198,9;12,4;2,0;2,4;0,1;0,0;9,1;0,1;0,0;0,0;0,0;0,0;0,1;2,8;0,2;0,3;3,9;1,9;0,0;;;;;;;;
C3;31;Carne de res grasa aprox.25%;50;1,5 onzas;150;0,0;8,0;12,6;5,2;5,5;0,5;34,5;0,0;0,0;0,0;4,0;105,0;26,0;140,5;8,5;1,3;1,5;0,0;0,0;0,5;0,1;0,0;0,0;11,0;0,0;0,1;1,6;0,2;0,2;3,0;1,3;0,0;;;;;;;;
C4;32;Costilla de res grasa aprox.25%;40;1 cuadro pequeño;150;0,0;6,6;10,4;4,3;4,5;0,4;28,0;0,0;0,0;0,0;3,6;62,4;22,0;108,8;6,4;0,7;1,5;0,0;0,0;0,0;0,0;0,0;0,0;0,0;0,0;0,1;1,1;0,1;0,1;2,0;1,1;0,0;;;;;;;;
C5;33;Costilla de res grasa mayor del 30%;25;1 onza;150;0,0;3,6;9,1;3,9;4,1;0,3;19,0;0,0;0,0;0,0;2,3;34,3;12,3;58,0;3,5;0,4;0,8;0,0;0,0;0,0;0,0;0,0;0,0;0,0;0,0;0,0;0,7;0,1;0,1;1,3;0,6;0,0;;;;;;;;
C6;34;T-Bone steak, res magro;65;1/8 libra;150;0,0;13,5;4,8;1,8;2,2;0,2;35,8;0,0;0,0;0,0;3,3;124,8;37,7;228,2;15,0;1,5;2,4;0,1;0,0;11,6;0,1;0,0;12,0;0,0;0,1;0,1;2,6;0,2;0,3;4,6;1,9;0,0;;;;;;;;
C7;35;T-Bone steak, grasa aprox.15%;50;1,5 onzas;150;0,0;9,6;8,0;3,2;3,5;0,3;28,5;0,0;0,0;0,0;3,0;86,5;27,0;154,5;10,0;1,1;1,6;0,0;0,0;0,0;0,0;0,0;0,0;0,0;0,1;0,1;1,8;0,2;0,2;3,0;1,4;0,0;;;;;;;;
C8;36;Carne molida res grasa aprox.17%;65;1/8 libra;150;0,0;12,2;11,1;4,4;4,8;0,5;44,9;0,0;0,0;0,0;4,6;91,7;42,9;184,6;13,0;1,3;2,7;0,1;0,0;0,0;0,0;2,6;0,0;0,0;0,0;0,2;2,9;0,3;0,2;5,2;1,3;0,0;;;;;;;;
C9;37;Carne molida res grasa aprox.21%;55;3 cucharadas aprox.;150;0,0;9,7;11,4;4,6;5,0;0,5;41,3;0,0;0,0;0,0;4,4;74,8;38,0;143,6;9,9;1,0;212,3;0,0;0,0;0,0;0,0;0,0;0,0;0,0;0,0;0,1;2,5;0,2;0,1;4,4;1,3;0,0;;;;;;;;
C10;38;Carne molida res grasa aprox.27%;50;1,5 onzas;150;0,0;8,3;13,3;5,4;5,8;0,5;42,5;0,0;0,0;0,0;4,0;65,0;34,0;114,0;8,0;0,9;1,8;0,0;0,0;0,0;0,0;0,0;0,0;0,0;0,0;0,1;2,3;0,2;0,1;3,5;1,3;0,0;;;;;;;;
C11;39;Bazo o pajarilla de res;140;4,5 onzas aprox;150;0,0;25,6;4,2;1,4;1,1;0,3;368,2;0,0;0,0;0,0;12,6;414,4;119,0;600,6;30,8;62,4;3,0;0,2;0,0;87,1;0,0;0,0;0,0;0,0;0,1;0,5;11,8;1,5;0,1;5,6;8,0;64,4;;;;;;;;
C12;40;Callo o panza de res;155;5 onzas;150;0,0;22,6;6,2;3,2;2,0;0,1;147,3;0,0;0,0;0,0;14,0;122,5;71,3;418,5;12,4;3,1;3,8;0,1;0,1;71,2;0,1;0,0;0,0;0,0;0,0;0,3;0,2;0,9;0,1;3,1;2,4;4,7;;;;;;;;
C13;41;Corazon de res;105;3,5 onzas;150;2,7;18,0;4,0;1,2;0,9;1,0;147,0;0,0;0,0;0,0;2,1;181,7;66,2;279,3;24,2;4,8;2,5;0,4;0,0;23,1;0,2;0,0;1,1;0,0;0,2;1,1;10,0;2,4;0,5;2,1;14,3;6,3;;;;;;;;
C14;42;Higado de res;105;3,5 onzas;150;6,1;21,0;4,1;1,6;0,5;0,9;371,7;0,0;0,0;0,0;6,3;333,9;76,7;339,2;20,0;7,1;4,1;3,5;0,0;43,4;0,7;109,2;16,8;11028,2;0,3;2,9;13,4;8,0;1,0;260,4;72,7;23,1;;;;;;;;
C15;43;Lengua de res sin cartilago;55;2 onzas aprox.;150;2,0;8,2;8,9;3,9;4,0;0,5;47,9;0,0;0,0;0,0;3,3;73,2;38,0;173,3;8,8;1,7;1,6;0,1;0,3;5,2;0,0;0,0;0,9;0,0;0,1;0,2;2,3;0,4;0,2;3,9;2,1;1,7;;;;;;;;
C16;44;Riñón de res sin venas grasas ni tejido conectivo;115;4 onzas;150;2,5;19,1;3,6;1,1;0,8;0,8;327,8;0,0;0,0;0,0;6,9;241,5;205,9;295,6;19,6;8,5;2,1;0,5;0,0;171,1;0,2;0,0;36,8;67,9;0,4;2,9;9,2;4,2;0,6;92,0;31,1;10,4;;;;;;;;
C17;45;Ubre de res;55;2 onzas aprox.;150;0,0;8,5;10,3;0,0;0,0;0,0;0,0;0,0;0,0;0,0;38,5;88,0;0,0;0,0;0,0;1,4;0,0;0,0;0,1;0,0;0,0;0,0;0,0;0,0;0,1;0,1;0,7;0,0;0,0;0,0;0,0;0,0;;;;;;;;
C18;46;Carne de ternera todos los cortes magra;135;3,5 onzas;150;0,0;27,3;3,9;1,2;1,2;0,4;112,1;0,0;0,0;0,0;20,3;284,9;116,1;442,8;33,8;1,2;4,4;0,2;0,0;11,6;0,4;0,0;0,0;0,0;0,1;0,4;10,5;1,9;0,6;17,6;1,9;0,0;;;;;;;;
C19;47;Ternera todos los cortes, grasa aprox.7 %;55;2 onzas aprox.;150;0,0;16,6;6,3;2,4;2,4;0,4;62,7;0,0;0,0;0,0;12,1;131,5;47,9;178,8;14,3;0,7;2,6;0,1;0,0;4,7;0,1;0,0;0,0;0,0;0,0;0,2;4,4;0,7;0,2;8,3;0,9;0,0;;;;;;;;
C20;48;Chuleta de ternera grasa aprox.9 %;60;2 onzas  ;150;0,0;11,3;5,4;2,2;2,1;0,4;49,2;0,0;0,0;0,0;7,8;110,4;53,4;174,0;13,2;0,5;1,9;0,1;0,0;0,0;0,0;0,0;0,0;0,0;0,0;0,1;4,0;0,7;0,3;7,2;0,8;0,0;;;;;;;;
C21;49;Chuleta de ternera, magra;75;2 1/2 onzas;150;0,0;15,0;2,9;0,9;0,9;0,3;62,3;0,0;0,0;0,0;10,5;145,5;71,3;229,5;17,3;0,7;2,6;0,1;0,0;0,0;0,0;0,0;0,0;0,0;0,1;0,2;5,3;0,9;0,3;9,8;1,0;0,0;;;;;;;;
C22;50;Lomo de cerdo magro;105;3 1/2 onzas;150;0,0;22,5;6,0;2,1;2,7;0,6;62,0;0,0;0,0;0,0;17,9;221,6;54,6;408,5;24,2;0,8;1,9;0,1;0,0;37,9;0,3;0,0;0,0;2,1;1,0;0,3;5,2;0,8;0,6;5,3;0,7;1,1;;;;;;;;
C23;51;Lomo de cerdo grasa aprox.12 %;75;2 1/2 onzas;150;0,0;14,8;9,5;3,3;4,2;1,0;47,3;0,0;0,0;0,0;13,5;147,8;37,5;267,0;15,8;0,6;1,3;0,1;0,0;0,0;0,0;0,0;0,0;1,5;0,7;0,2;3,5;0,5;0,4;3,8;0,4;0,8;;;;;;;;
C24;52;Lomo de cerdo grasa aprox.16 %;70;2 1/2 onzas;150;0,0;12,4;11,1;3,8;4,9;1,2;49,7;0,0;0,0;0,0;17,5;122,5;44,1;219,1;12,6;0,8;2,1;0,1;0,0;0,0;0,0;0,0;0,0;1,4;0,6;0,2;2,6;0,6;0,0;4,2;0,6;0,7;;;;;;;;
C25;53;Chuleta de cerdo magra;60;2 onzas;150;0,0;13,3;3,6;1,2;1,6;0,4;33,0;0,0;0,0;0,0;12,6;129,0;27,0;252,6;13,8;0,5;1,0;0,0;0,0;20,2;0,2;0,0;0,0;1,2;0,6;0,2;3,5;0,4;0,3;1,8;0,4;0,0;;;;;;;;
C26;54;Chuleta de cerdo grasa aprox.14%;45;1,5 onzas;150;0,0;9,1;6,1;2,1;2,7;0,7;27,0;0,0;0,0;0,0;10,8;90,0;18,9;172,8;9,0;0,3;0,7;0,0;0,0;0,0;0,0;0,0;0,0;0,9;0,4;0,1;2,4;0,3;0,2;1,4;0,3;0,0;;;;;;;;
C27;55;Pernil cerdo magro;70;2 1/2 onzas aprox.;150;0,0;14,4;3,9;1,4;1,8;0,4;42,0;0,0;0,0;0,0;4,9;158,2;46,9;238,0;17,5;0,6;1,6;0,1;0,0;0,0;0,0;0,0;0,0;1,4;0,6;0,2;3,2;0,6;0,4;3,5;0,5;0,7;;;;;;;;
C28;56;Pernil de cerdo grasa aprox.20%;45;1,5 onzas;150;0,0;7,7;9,5;3,3;4,2;1,0;30,6;0,0;0,0;0,0;2,7;86,4;24,8;128,3;8,6;0,4;0,9;0,0;0,0;0,0;0,0;0,0;0,0;0,9;0,3;0,1;1,8;0,3;0,2;1,8;0,3;0,5;;;;;;;;
C29;57;Pierna de cerdo magra;75;2 1/2 onzas;150;0,0;15,9;3,9;1,3;1,8;0,4;45,8;0,0;0,0;0,0;4,5;172,5;51,8;282,0;18,8;0,7;1,5;0,1;0,0;26,9;0,2;0,0;0,0;1,5;0,8;0,2;3,7;0,5;0,4;2,3;0,5;0,8;;;;;;;;
C30;58;Pierna de cerdo, grasa aprox.16 %;55;2 onzas aprox.;150;0,0;10,3;8,6;3,0;3,8;0,9;36,3;0,0;0,0;0,0;2,8;113,9;33,6;183,2;11,6;0,4;1,0;0,0;0,0;0,0;0,0;0,0;0,0;1,1;0,5;0,1;2,4;0,3;0,2;1,7;0,4;0,6;;;;;;;;
C31;59;Gallina entera;30;1 onza;150;0,0;5,4;7,5;0,0;0,0;0,0;0,0;0,0;0,0;0,0;4,2;60,0;0,0;0,0;0,0;0,5;0,0;0,0;0,0;4,3;0,1;0,0;0,0;0,0;0,0;0,0;2,4;0,0;0,0;0,0;0,0;0,0;;;;;;;;
C32;60;Contrasmuslo pollo carne y piel;55;1 unidad muy pequeña;150;0,0;9,5;8,4;2,4;3,5;1,8;46,2;0,0;0,0;0,0;5,5;79,8;41,8;105,6;11,0;0,6;0,9;0,0;0,0;7,1;0,0;0,0;0,0;23,1;0,0;0,1;3,0;0,6;0,1;3,9;0,2;1,1;;;;;;;;
C33;61;Contramuslo pollo carne sin piel;70;1 unidad pequeña;150;0,0;13,8;2,7;0,7;0,9;0,7;58,1;0,0;0,0;0,0;7,0;117,6;60,2;161,7;16,8;0,7;1,3;0,1;0,0;0,0;0,0;0,0;0,0;14,0;0,1;0,1;4,4;0,9;0,2;7,0;0,3;2,1;;;;;;;;
C34;62;Muslo pollo carne y piel;60;1 unidad muy pequeña;150;0,0;10,9;7,3;2,1;2,9;1,6;49,8;0,0;0,0;0,0;6,0;89,4;47,4;118,8;12,6;0,6;1,1;0,0;0,0;7,9;0,0;0,0;0,0;21,6;0,0;0,1;3,2;0,7;0,2;6,6;0,2;1,8;;;;;;;;
C35;63;Muslo pollo carne sin piel;70;2 1/2 onzas aprox.;150;0,0;14,1;2,7;0,7;0,8;0,7;56,0;0,0;0,0;0,0;7,7;116,9;60,2;160,3;16,1;0,7;1,4;0,0;0,0;9,5;0,0;0,0;0,0;12,6;0,1;0,1;4,3;0,8;0,2;7,0;0,3;2,1;;;;;;;;
C36;64;Pechuga pollo carne y piel;70;2 1/2 onzas aprox.;150;0,0;14,6;6,5;1,9;2,7;1,4;44,8;0,0;0,0;0,0;7,7;121,8;44,1;154,0;17,5;0,5;0,6;0,0;0,0;11,6;0,0;0,0;0,0;16,8;0,0;0,1;6,9;0,6;0,4;2,8;0,2;0,7;;;;;;;;
C37;65;Pechuga pollo carne sin piel;90;3 onzas;150;0,0;20,8;1,1;0,3;0,3;0,3;52,2;0,0;0,0;0,0;9,9;176,4;58,5;229,5;25,2;0,6;0,7;0,0;0,0;16,0;0,3;0,0;0,0;5,4;0,1;0,1;10,1;0,7;0,5;3,6;0,3;0,9;;;;;;;;
C38;66;Menudencias de pollo;120;1/4 libra;150;2,2;21,5;5,4;1,6;1,3;1,3;314,4;0,0;0,0;0,0;12,0;236,4;92,4;273,6;21,6;7,1;4,0;0,3;0,2;66,2;1,6;0,0;0,0;3184,8;0,1;1,2;8,0;3,9;0,5;414,0;13,7;19,2;;;;;;;;
C39;67;Corazon de pollo;100;3 1/2 onzas aprox.;150;0,7;15,6;9,3;2,7;2,7;2,7;136,0;0,0;0,0;0,0;12,0;177,0;74,0;176,0;15,0;6,0;6,6;0,4;0,1;0,0;0,0;0,0;0,0;9,0;0,2;0,7;4,9;256,0;0,4;72,0;7,3;3,0;;;;;;;;
C40;68;Higado de pollo;120;1/4 libra;150;4,1;21,6;4,7;1,6;1,1;0,8;526,8;0,0;0,0;0,0;13,2;326,4;94,8;273,6;24,0;10,3;3,7;0,5;0,3;0,0;0,0;0,0;0,0;7398,0;0,2;2,4;11,2;7,4;0,9;885,6;27,6;40,8;;;;;;;;
C41;69;Molleja de pollo;125;1/4 libra;150;0,8;22,8;5,3;1,5;1,3;1,5;162,5;0,0;0,0;0,0;10,0;168,8;95,0;295,0;20,0;4,4;3,8;0,1;0,1;0,0;0,0;0,0;0,0;81,3;0,0;0,2;5,9;0,9;0,2;65,0;2,7;3,8;;;;;;;;
;;;;Promedio;150;0,51;14,37;6,85;2,32;2,54;0,69;94,94;0,00;0,00;0,00;8,67;147,20;53,99;217,51;14,98;3,46;7,22;0,18;0,04;16,21;0,11;2,73;1,94;533,79;0,20;0,41;4,57;7,32;0,29;47,33;5,05;4,65;;;;;;;;
P1;70;Bagre;125;1/4 libra;230;0,0;23,6;14,3;0,0;0,0;0,0;0,0;0,0;0,0;0,0;25,0;250,0;0,0;0,0;0,0;0,8;0,0;0,0;0,0;0,0;0,0;0,0;0,0;0,0;0,0;0,1;2,5;0,0;0,0;0,0;0,0;0,0;Aprobado;;;;;;;
P2;71;Atun fresco;160;1/2 unidad pequeña;230;0,0;37,2;7,8;2,0;2,6;2,3;60,7;0,0;0,0;0,0;12,8;405,7;62,3;402,5;79,9;1,6;1,0;0,1;0,0;58,3;1,6;0,0;0,0;1046,2;0,4;0,4;13,9;1,7;0,7;3,2;15,1;0,0;;;;;;;;
P3;72;Merluza;265;1 unidad pequeña;230;0,0;50,0;1,9;0,3;0,3;0,6;150,7;0,0;0,0;0,0;87,2;497,0;179,8;822,2;103,1;2,9;1,0;0,1;0,1;79,8;1,0;0,0;0,0;44,9;0,1;0,1;10,1;0,3;0,8;31,7;3,2;0,0;;;;;;;;
P4;73;Pargo, especies mezcladas;230;1/2 libra;230;0,0;47,2;3,0;0,7;0,6;1,1;85,1;0,0;0,0;0,0;73,6;455,4;147,2;959,1;73,6;0,5;0,8;0,1;0,0;87,9;1,2;0,0;0,0;69,0;0,1;0,0;0,7;1,7;0,9;11,5;6,9;4,6;;;;;;;;
P5;74;Pescado de mar: cabrilla, robalo, pargo rojo;230;1/2 libra;230;0,0;47,2;3,2;0,0;0,0;0,0;0,0;0,0;0,0;0,0;50,6;460,0;0,0;0,0;0,0;1,2;0,0;0,0;0,0;0,0;0,0;0,0;0,0;0,0;0,1;0,2;6,4;0,0;0,0;0,0;0,0;0,0;;;;;;;;
P6;75;Pescado de rio. Bocachico, capaz, capitan, etc;230;1/2 libra;230;0,0;40,8;6,2;0,0;0,0;0,0;0,0;0,0;0,0;0,0;45,5;409,9;0,0;0,0;0,0;1,6;0,0;0,0;0,0;0,0;0,0;0,0;0,0;0,0;0,1;0,2;6,8;0,0;0,0;0,0;0,0;0,0;;;;;;;;
P7;76;Trucha arcoiris cultivada;170;1/2 unidad  ;230;0,0;34,8;9,0;2,6;2,6;3,0;98,3;0,0;0,0;0,0;111,7;470,0;58,3;751,7;53,3;0,5;0,7;0,1;0,0;21,0;0,1;0,0;0,0;140,0;0,3;0,1;13,7;2,4;1,0;18,3;6,3;5,0;;;;;;;;
P8;77;Trucha arcoiris en medio natural;195;1/2 unidad grande;230;0,0;39,6;6,8;1,4;2,2;2,4;114,0;0,0;0,0;0,0;129,5;523,8;59,9;929,7;59,9;1,4;2,1;0,2;0,3;24,4;0,4;0,0;0,0;36,7;0,2;0,2;10,4;1,8;0,8;23,2;8,6;3,9;;;;;;;;
P9;78;Almeja especies mezcladas;310;12 unidades;230;8,1;39,8;3,1;0,3;0,3;0,9;105,7;0,0;0,0;0,0;143,0;525,3;174,1;976,0;28,0;43,5;4,3;1,1;1,6;75,5;3,1;0,3;12,4;279,7;0,3;0,7;5,6;1,1;0,2;0,5;153,7;40,4;;;;;;;;
P10;79;Calamar especies mezcladas;250;1/2 libra;230;7,8;39,0;3,5;0,9;0,3;1,3;582,5;0,0;0,0;0,0;80,0;552,5;110,0;615,0;82,5;1,8;3,8;4,7;0,1;112,0;3,0;0,0;0,0;25,0;0,1;1,0;5,5;1,3;0,2;12,5;3,3;12,5;;;;;;;;
P11;80;Camaron especies mezcladas;215;7 onzas;230;2,0;44,1;3,7;0,7;0,5;1,5;329,8;0,0;0,0;0,0;112,8;444,8;321,1;401,4;80,3;5,2;2,4;0,6;0,1;82,5;1,8;8,3;329,8;117,2;0,1;0,1;5,6;0,6;0,2;6,5;2,5;4,3;;;;;;;;
P12;81;Langostino especies mezcladas medio natural;300;10 unidades;230;0,0;47,8;3,0;0,5;0,5;0,9;340,5;0,0;0,0;0,0;80,7;764,7;173,3;902,1;80,7;2,4;3,9;1,3;0,7;94,4;8,5;0,0;0,0;47,8;0,2;0,1;6,6;1,6;0,3;110,5;6,0;3,0;;;;;;;;
P13;82;Langostino especies mezcladas cultivadas;320;11 unidades;230;0,0;47,6;3,2;0,5;0,6;1,0;341,8;0,0;0,0;0,0;79,9;696,4;198,1;833,8;95,8;1,9;3,2;0,8;0,5;90,7;0,0;0,0;0,0;47,9;0,2;0,1;6,1;1,8;0,3;95,8;6,7;3,2;;;;;;;;
P14;83;Ostras del pacifico;285;9 y 1/2 onzas;230;14,2;27,0;6,5;1,5;1,0;2,5;142,0;0,0;0,0;0,0;22,7;460,0;301,0;477,0;62,5;14,5;47,2;4,5;1,8;218,6;2,4;22,7;908,6;230,0;0,2;0,7;5,7;1,4;0,1;28,4;45,4;22,7;;;;;;;;
P15;84;Ostras del Oriente(medio natural);340;3/4 de libra;230;13,2;24,0;8,5;2,6;1,1;3,3;179,3;0,0;0,0;0,0;152,2;456,6;713,7;527,7;159,0;22,7;307,2;15,1;1,3;0,0;0,0;0,0;0,0;101,5;0,3;0,3;4,7;0,6;0,2;33,8;65,8;13,5;;;;;;;;
;;;;Promedio;230;3,01;39,30;5,57;0,93;0,83;1,38;168,69;0,00;0,00;0,00;80,48;491,47;166,58;573,20;63,90;6,82;25,17;1,90;0,43;63,01;1,54;2,09;83,39;145,73;0,18;0,29;6,95;1,10;0,38;25,07;21,56;7,54;;;;;;;;
PC1;85;Salchicha Frankfurt de res;40;1 unidad pequeña;126;0,72;4,80;11,40;4,82;5,45;0,55;24,40;0,00;0,00;0,00;8,00;34,80;410,40;66,40;1,20;0,56;0,87;0,02;0,01;5,52;0,08;0,36;14,40;0,00;0,02;0,00;0,96;0,12;0,05;1,60;0,62;0,00;Revisado;;;;;;;
PC2;86;Chorizos;40;1 unidad grande;126;0,00;8,29;10,06;4,98;5,27;1,01;29,23;0,00;0,00;0,00;11,27;41,46;925,88;72,46;10,30;2,70;1,20;0,00;0,00;8,49;0,00;0,00;0,00;0,00;0,05;0,11;1,01;0,00;0,14;0,90;0,90;0,00;;;;;;;;
PC3;87;Jamon magro;80;2,5 lonjas;126;1,79;14,23;6,53;2,10;3,06;0,72;41,22;0,00;0,00;0,00;5,44;183,56;994,00;231,00;14,00;0,70;1,59;0,07;0,02;0,00;0,06;0,00;0,00;0,00;0,69;0,19;3,97;0,35;0,30;2,33;0,62;21,00;;;;;;;;
PC4;88;Jamon de pollo;80;2,5 lonjas;126;0,00;15,45;5,86;1,60;2,35;1,27;39,62;0,00;0,00;0,00;34,08;124,42;462,79;180,68;15,06;0,79;0,57;0,03;0,00;0,00;0,00;0,00;0,00;0,00;0,06;0,10;4,20;0,00;0,00;0,00;0,00;0,00;;;;;;;;
PC5;89;Longaniza;30;1 trozo pequeño;126;0,37;3,77;12,04;3,32;0,46;1,44;27,33;0,00;0,00;0,00;124,15;32,43;399,09;111,65;3,18;1,05;0,78;6,52;0,00;6,52;0,09;0,00;0,00;0,00;0,08;0,06;0,90;0,00;0,04;0,28;0,28;0,00;;;;;;;;
PC6;90;Morcilla;80;1 unidad mediana;126;0,71;14,42;6,82;0,00;0,00;0,00;0,00;0,00;0,00;0,00;9,51;39,62;0,00;180,68;15,06;35,58;0,57;0,03;0,00;0,00;0,00;0,00;0,00;0,00;0,06;0,10;4,20;0,00;0,00;0,00;0,00;0,00;;;;;;;;
PC7;91;Mortadela de res y cerdo;40;2 unidades;126;1,26;6,64;10,29;3,85;4,61;1,26;22,69;0,00;0,00;0,00;7,29;39,30;504,81;0,00;0,00;0,57;0,00;0,00;0,00;0,00;0,00;0,00;0,00;0,00;0,08;0,06;0,90;0,00;0,00;0,00;0,00;0,00;;;;;;;;
PC8;92;Salchicha de res;40;1 unidad pequeña;126;0,97;5,69;10,86;4,62;5,24;0,42;27,06;0,00;0,00;0,00;2,83;42,40;456,75;0,00;0,00;0,73;0,00;0,00;0,00;0,00;0,00;0,00;0,00;0,00;0,02;0,04;1,27;0,00;0,00;0,00;0,00;0,00;;;;;;;;
PC9;93;Salchicha Frankfurt de pollo;50;1 unidad grande;126;3,33;6,32;9,56;2,72;4,16;1,98;49,52;0,00;0,00;0,00;46,58;52,46;671,67;66,04;4,46;0,98;0,85;0,02;0,01;9,16;0,09;0,00;0,00;0,00;0,05;0,06;1,09;0,18;0,05;1,22;0,60;0,00;;;;;;;;
PC10;95;Salchica tipo viena de res y cerdo enlatada;45;2 unidades;126;0,90;4,65;11,38;4,19;5,67;0,76;23,48;0,00;0,00;0,00;4,52;22,13;430,39;71,08;5,25;0,41;1,13;0,03;0,00;5,90;0,00;0,00;0,00;0,00;0,02;0,06;1,29;0,08;0,04;1,62;0,75;0,00;;;;;;;;
PC11;96;Salchichon comun;30;2 rodajas;126;0,34;6,66;10,67;3,00;3,73;0,69;15,23;0,00;0,00;0,00;3,92;79,24;1019,29;41,18;4,90;1,01;0,51;0,02;0,01;0,00;0,00;0,00;0,00;18,63;0,03;0,06;1,52;0,41;0,16;1,96;0,12;0,00;;;;;;;;
PC12;97;Salami cervecero de res, ahumado;40;4 rodajas finas o delgadas;126;0,65;4,75;11,45;4,99;5,37;0,43;23,36;0,00;0,00;0,00;3,45;37,15;393,7;65,76;3,94;0,57;0,72;0,03;0,01;5,43;0,1;0,35;14,18;0;0,08;0,05;1,02;0,14;0,05;1,58;0,51;0,00;;;;;;;;
;;;;Promedio;126;0,92;7,97;9,74;3,35;3,78;0,88;26,93;0,00;0,00;0,00;21,75;60,75;555,73;90,58;6,45;3,80;0,73;0,56;0,01;3,42;0,04;0,06;2,38;1,55;0,10;0,07;1,86;0,11;0,07;0,96;0,37;1,75;;;;;;;;
EN1;98;Atun enlatado en agua;50;1/4 de lata mediano;58;0,00;12,75;0,40;0,12;0,08;0,17;15,00;0,00;0,00;0,00;5,50;81,50;169,00;118,50;13,50;0,75;0,39;0,03;0,01;40,20;0,27;0,00;0,00;8,50;0,02;0,04;6,65;0,11;0,18;2,00;1,50;0,00;Revisado;;;;;;;
EN2;99;Atun enlatado en aceite;30;1/2 lata mediana;58;0,00;8,73;2,46;0,46;0,89;0,87;5,40;0,00;0,00;0,00;3,90;93,30;106,20;62,10;9,30;0,42;0,27;0,02;0,01;22,80;0,36;1,77;70,80;6,90;0,01;0,04;3,72;0,11;0,03;1,50;0,66;0,00;;;;;;;;
EN3;100;Sardinas;30;1 unidad pequeña;58;0,00;7,38;3,45;0,46;1,16;1,55;42,60;0,00;0,00;0,00;114,60;147,00;27,00;98,10;11,70;0,87;0,39;0,06;0,03;15,81;0,09;2,04;81,60;20,10;0,02;0,07;1,56;0,19;0,05;3,60;2,68;0,00;;;;;;;;
;;;;Promedio;58;0,00;9,62;2,10;0,35;0,71;0,86;21,00;0,00;0,00;0,00;41,33;107,27;100,73;92,90;11,50;0,68;0,35;0,04;0,02;26,27;0,24;1,27;50,80;11,83;0,02;0,05;3,98;0,14;0,09;2,37;1,61;0,00;;;;;;;;
LEGF1;101;Arveja verde tierna;50;3 cucharadas soperas  ;24;4,35;1,62;0,12;0,02;0,01;0,06;0,00;0,66;1,02;1,68;7,50;32,40;1,50;73,20;9,90;0,45;0,37;0,05;0,12;0,54;0,12;8,40;0,00;19,20;0,08;0,04;0,63;0,03;0,05;19,50;0,00;12,00;Revisado;;;;;;;
LEGF2;102;Arveja verde enlatada solidos;30;1/2 pocillo;24;4,41;1,54;0,14;0,00;0,01;0,06;0,00;0,00;0,00;1,44;7,00;23,45;88,20;60,55;5,95;0,35;0,25;0,03;0,11;0,60;0,13;0,00;0,00;26,95;0,04;0,03;0,25;0,05;0,02;15,40;0,00;3,50;;;;;;;;
LEGF3;103;Soya verde;30;1/2 pocillo;24;1,67;1,95;1,02;0,12;0,19;0,48;0,00;0,00;0,00;0,56;29,55;29,10;2,25;93,00;9,75;0,54;0,15;0,02;0,08;0,23;0,00;0,00;0,00;2,70;0,07;0,03;0,26;0,02;0,01;24,75;0,00;4,35;;;;;;;;
LEGF4;104;Frijol verde;35;1/2 pocillo;24;4,08;1,58;0,08;0,01;0,01;0,04;0,00;0,27;0,00;0,27;10,05;33,00;13,80;113,40;9,00;0,50;0,12;0,02;0,08;0,23;0,00;0,00;0,00;0,60;0,06;0,01;0,21;0,05;0,03;7,50;0,00;2,40;;;;;;;;
LEGF5;105;Haba verde;35;1/2 pocillo;24;4,10;1,96;0,21;0,05;0,01;0,11;0,00;1,58;0,00;1,58;7,70;33,25;17,50;87,50;13,30;0,70;0,20;0,02;0,11;0,42;0,00;0,00;0,00;12,25;0,10;0,05;0,53;0,03;0,01;33,60;0,00;7,00;;;;;;;;
;;;;Promedio;24;3,72;1,73;0,31;0,04;0,05;0,15;0,00;0,50;0,20;1,11;12,36;30,24;24,65;85,53;9,58;0,51;0,22;0,03;0,10;0,40;0,05;1,68;0,00;12,34;0,07;0,03;0,38;0,04;0,02;20,15;0,00;5,85;;;;;;;;
LEGS1;106;Arveja seca;40;4 cucharadas soperas;136;24,16;9,84;0,48;0,06;0,10;0,02;0,00;0,84;4,28;5,08;22,00;146,40;6,00;392,40;46,00;1,76;1,20;0,35;0,56;0,64;0,12;32,40;0,00;6,00;0,29;0,09;1,16;0,70;0,07;109,60;0,00;0,80;Revisado;;;;;;;
LEGS2;107;Frijol blanco pequeño;40;4 cucharadas soperas;136;24,92;8,44;0,48;0,12;0,04;0,02;0,00;2,04;5,24;7,28;69,20;178,00;4,80;616,80;73,20;3,08;1,12;0,26;0,51;5,12;0,00;0,00;0,00;0,00;0,30;0,08;0,52;0,29;0,29;154,40;0,00;0,00;;;;;;;;
LEGS3;108;Frijol cabecita negra;45;4,5 cucharadas soperas;136;25,47;9,72;0,59;0,15;0,05;0,24;0,00;0,00;0,00;4,77;36,45;178,20;7,20;500,40;82,80;2,57;1,52;0,38;0,69;4,05;0,18;0,00;0,00;2,25;0,38;10,35;0,95;0,68;0,68;284,85;0,00;0,90;;;;;;;;
LEGS4;109;Frijol cargamanto rojo;40;4 cucharadas soperas;136;24,04;9,20;0,48;0,13;0,04;0,21;0,00;0,00;0,00;9,88;50,80;148,80;2,40;532,80;62,40;2,00;1,45;0,32;0,37;5,08;0,00;0,00;0,00;0,00;0,30;0,08;0,60;0,30;0,30;241,60;0,00;0,00;;;;;;;;
LEGS5;110;Frijol guandul;50;5 cucharadas soperas;136;25,60;9,75;0,75;0,17;0,01;0,41;0,00;0,00;0,00;7,50;50,00;200,00;8,50;696,00;91,50;2,60;1,39;0,53;0,90;4,10;0,00;0,00;0,00;4,50;0,31;0,05;1,00;0,64;0,64;228,00;0,00;2,00;;;;;;;;
LEGS6;111;Frijol lima;40;4 cucharadas soperas;136;25,36;8,60;0,28;0,06;0,02;0,12;0,00;0,00;0,00;7,60;32,40;154,00;7,20;689,60;89,60;3,00;1,13;0,30;0,67;2,88;0,29;0,00;0,00;0,00;0,20;0,08;0,60;0,54;0,54;158,00;0,00;0,00;;;;;;;;
LEGS7;112;Frijol rojo;40;4 cucharadas soperas;136;24,52;9,00;0,44;0,06;0,03;0,24;0,00;0,00;0,00;6,08;33,20;162,40;4,80;543,60;55,20;2,68;1,12;0,28;0,44;1,28;0,08;0,00;0,00;0,40;0,24;0,09;0,84;0,31;0,31;157,60;0,00;2,00;;;;;;;;
LEGS8;113;Frijol rojo pequeño;40;4 cucharadas soperas;136;24,80;8,80;0,40;0,00;0,00;0,00;0,00;0,00;0,00;3,60;60,00;180,00;7,20;580,00;80,00;2,80;1,20;2,80;0,32;0,00;0,00;0,00;0,00;0,00;0,28;0,08;0,88;0,32;0,32;120,00;0,00;0,00;;;;;;;;
LEGS9;114;Frijol rosado;40;4 cucharadas soperas;136;25,68;8,40;0,44;0,12;0,04;0,20;0,00;0,00;0,00;5,08;52,00;166,00;3,20;585,60;72,80;2,72;1,02;0,32;0,55;5,20;0,04;0,00;0,00;0,00;0,31;0,08;0,76;0,40;0,40;181,20;0,00;0,00;;;;;;;;
LEGS10;115;Frijol todas las variedades;40;4 cucharadas soperas;136;24,00;9,44;0,32;0,05;0,02;0,18;0,00;0,00;0,00;9,96;57,20;162,80;9,60;562,40;56,00;3,28;1,12;0,38;0,41;1,28;0,00;0,00;0,00;0,40;0,21;0,09;0,84;0,31;0,31;157,60;0,00;2,00;;;;;;;;
LEGS11;116;Haba ;40;4 cucharadas soperas;136;23,32;10,44;0,60;0,10;0,12;0,25;0,00;0,00;0,00;10,00;41,20;168,40;5,20;424,80;76,80;2,68;1,26;0,33;0,65;3,28;0,04;0,00;0,00;2,00;0,22;0,13;1,12;0,39;0,15;169,20;0,00;0,40;;;;;;;;
LEGS12;117;Soya   ;35;3,5 cucharadas soperas;136;10,57;12,78;6,97;1,01;1,54;3,94;0,00;0,00;0,00;3,26;96,95;246,40;0,70;628,95;98,00;5,50;1,71;0,58;0,88;6,23;0,68;66,50;0,00;0,70;0,30;0,30;0,56;0,28;0,13;131,25;0,00;2,10;;;;;;;;
LEGS13;118;Garbanzo;40;4 cucharadas soperas;136;22,28;7,84;2,40;0,25;0,54;1,08;0,00;0,72;4,80;5,48;60,00;120,00;9,60;350,00;46,00;2,56;1,37;0,34;0,88;3,28;0,33;105,60;0,00;2,80;0,19;0,04;0,56;0,64;0,22;222,80;0,00;0,40;;;;;;;;
LEGS14;119;Lenteja;40;4 cucharadas soperas;136;22,84;11,24;0,40;0,06;0,06;0,18;0,00;0,64;5,56;6,18;20,40;181,60;4,00;362,00;42,80;3,60;1,44;0,34;0,57;3,28;0,13;105,60;0,00;1,60;1,90;0,10;1,04;0,74;0,22;173,20;0,00;2,40;;;;;;;;
;;;;Promedio;136;23,40;9,54;1,07;0,17;0,19;0,51;0,00;0,30;1,42;6,55;48,70;170,93;5,74;533,24;69,51;2,92;1,29;0,54;0,60;3,26;0,14;22,15;0,00;1,48;0,39;0,83;0,82;0,47;0,33;177,81;0,00;0,93;;;;;;;;
PLEG1;120;Leche de soya liquida;180;1 vaso de 6 onzas;59;3,24;5,04;3,42;0,38;0,59;0,15;0;0;0;2,34;7,2;88,2;21,6;253,8;34,2;1,08;0,41;0,22;0,31;2,34;0,02;0;0;5,4;0,29;0,13;0,18;0,09;0,07;3,6;0;0;Revisado;;;;;;;
PLEG2;121;Harina de soya;15;1 cucharada;59;3,52;3,45;2,07;0,3;0,46;1,17;0;0;0;0,96;20,6;49,4;1,3;251,5;42,9;0,64;0,39;0,29;0,23;0,75;0,2;0;0;1,2;0,06;0,12;0,43;0,16;0,05;34,5;0;0;;;;;;;;
PLEG3;122;Harina de soya desgrasada;15;1 cucharada;59;5,76;7,05;0,18;0,02;0,03;0,08;0;0;0;2,63;36,15;101,1;3;357,6;43,5;1,38;0,37;0,61;0,45;0,26;0,03;0;0;0,6;0,11;0,04;0,39;0,3;0,09;45,75;0;0;;;;;;;;
PLEG4;123;Bienestarina;20;1 cucharada;59;11,64;5,2;0,28;0;0;0;0;0;0;0,28;102,4;153,2;0;0;0;2,82;0;0;0;0;0;0;0;40;0,4;0,1;1,94;0;0;0;0;5,4;;;;;;;;
PLEG5;124;Fortisoya;15;1 cucharada;59;9,02;3,3;0,63;0;0;0;0;0;0;0;52,2;41,55;0;0;0;1,52;0;0;0;0;0;0;0;0,3;0,02;0,03;0,18;0;0;0;0;0,15;;;;;;;;
;;;;Promedio;59;6,64;4,81;1,32;0,14;0,22;0,28;0,00;0,00;0,00;1,24;43,71;86,69;5,18;172,58;24,12;1,49;0,23;0,22;0,20;0,67;0,05;0,00;0,00;9,50;0,18;0,08;0,62;0,11;0,04;16,77;0,00;1,11;;;;;;;;
FS1;125;Mani todo tipo;30;4 cucharadas soperas;170;4,83;7,74;14,76;2,05;7,33;4,67;0;0;0;2,55;27,6;112,8;0,65;211,5;50,4;1,38;0,98;0,34;0,58;2,16;2,74;0;0;0;0,19;0,04;36,3;0,53;0,11;72;0;0;Revisado ;;;;;;;
FS2;126;Almendras secas;30;3 cucharadas;170;5,55;6,12;15,75;1,49;10,23;3,31;0;0;0;0;74,1;159,6;3;225;85,8;1,08;0,95;0,32;0,44;1,41;7,2;0;0;0;0,05;0,2;0,96;0,14;0,03;11,4;0;0,3;;;;;;;;
FS3;127;Coco pulpa;50;3 y 1/2 cucharadas;170;7,6;1,65;16,75;14,85;0,72;0,19;0;0;0;4,5;7;56,5;10;178;16;1,2;0,55;0,22;0,75;5,05;0,37;0;0;0;0,04;0,01;0,25;0,15;0,03;13;0;1,5;;;;;;;;
FS4;128;Mani todo tipo seco tostado con sal;30;4 cucharadas soperas;170;6,45;7,11;14,91;2,07;7,39;4,71;0;0;0;2,4;16,2;107,4;243,9;1,97;52,8;0,69;0,99;0,2;0,62;0;0;0;0;0;0,13;0,03;4,05;0,42;0,08;43,5;0;0;;;;;;;;
FS5;129;Nuez del brasil;25;2 y 1/2 cucharadas;170;3,2;3,58;16,55;4,04;5,76;6,03;0;0;0;0;0;0;0;0;0;0;0;0;0;0;0;0;0;0;0;0;0;0;0;0;0;0;;;;;;;;
FS6;130;Pistachos sin cascara secos;30;3 cucharadas;170;7,44;6,18;14,64;1,84;9,8;2,2;0;0;0;3,24;40,5;150,9;1,8;327,9;47,4;2,04;0,4;0,36;0,1;1,92;1,56;0;0;6,9;0,25;0,05;0,33;0,36;0,08;17,4;0;2,1;;;;;;;;
;;;;Promedio;170;5,85;5,40;15,56;4,39;6,87;3,52;0,00;0,00;0,00;2,12;27,57;97,87;43,23;157,40;42,07;1,07;0,65;0,24;0,42;1,76;1,98;0,00;0,00;1,15;0,11;0,06;6,98;0,27;0,06;26,22;0,00;0,65;;;;;;;;
V1;131;Tomate rojo;60;1 unidad pequeña;13;2,76;0,54;0,18;0,03;0,03;0,08;0,00;0,24;0,42;0,66;3,00;14,40;5,40;133,20;6,60;0,30;0,05;0,04;0,07;0,24;0,23;13,80;0,00;37,20;0,04;0,03;0,36;0,15;0,05;9,00;0,00;11,40;Aprobado;;;;;;;
V2;132;Acelgas;70;1 pocillo chocolatero ;13;2,59;1,26;0,14;0,02;0,03;0,05;0,00;0,00;0,00;0,00;35,70;32,20;149,10;265,30;56,70;1,26;0,25;0,13;0,26;0,63;1,32;0,00;0,00;231,00;0,03;0,06;0,28;0,12;0,07;9,80;0,00;21,00;;;;;;;;
V3;133;Alcachofa(corazon);35;1/4 unidad pequeña;13;2,42;0,91;0,07;0,01;0,00;0,02;0,00;0,00;0,00;1,89;16,45;23,10;32,90;129,50;21,00;0,32;0,17;0,08;0,09;0,07;0,07;0,00;0,00;8,40;0,02;0,04;0,28;0,12;0,04;23,80;0,00;3,50;;;;;;;;
V4;134;Alfalfa germinada;45;1 taza;13;1,71;1,80;0,32;0,03;0,03;0,18;0,00;0,00;0,00;1,13;14,40;31,50;2,70;35,55;12,15;0,45;0,41;0,07;0,09;0,27;0,01;0,00;0,00;7,20;0,04;0,06;0,23;0,25;0,01;16,20;0,00;3,60;;;;;;;;
V5;135;Apio tallo;50;1 tallo grande;13;2,80;0,46;0,07;0,03;0,02;0,05;0,00;0,39;0,46;0,85;45,50;21,45;56,55;186,55;7,15;0,39;0,08;0,02;0,07;0,59;0,23;0,00;0,00;8,45;0,02;0,04;0,20;0,12;0,06;18,20;0,00;2,60;;;;;;;;
V6;136;Auyama o zapallo;35;1 trocito pequeño;13;3,08;0,53;0,07;0,02;0,01;0,03;0,00;0,28;0,00;0,28;10,85;11,20;1,40;122,50;7,35;0,21;0,05;0,02;0,06;0,14;0,04;0,00;0,00;142,10;0,04;0,01;0,28;0,14;0,03;7,70;0,00;4,20;;;;;;;;
V7;137;Chachafruto;20;4 unidades;13;2,66;0,80;0,02;0,00;0,00;0,00;0,00;0,00;0,00;0,00;3,20;15,60;0,00;0,00;0,00;0,24;0,00;0,00;0,00;0,00;0,00;0,00;0,00;0,00;0,02;0,01;0,18;0,00;0,00;0,00;0,00;3,00;;;;;;;;
V8;138;Berenjena;50;1/2 unidad pequeña;13;3,05;0,50;0,10;0,02;0,01;0,04;0,00;0,00;0,00;1,25;3,50;11,00;1,50;108,50;7,00;0,15;0,07;0,03;0,07;0,15;0,02;0,00;0,00;4,00;0,03;0,02;0,30;0,13;0,04;9,50;0,00;1,00;;;;;;;;
V9;139;Berro(hojas);120;Un manojo pequeño;13;1,56;2,76;0,12;0,04;0,01;0,05;0,00;0,96;1,20;2,16;144,00;72,00;49,20;396,00;25,20;0,24;0,13;0,10;0,29;1,08;1,20;0,00;0,00;564,00;0,11;0,14;0,24;0,37;0,16;10,80;0,00;51,60;;;;;;;;
V10;140;Brocoli;45;3 flores;13;2,34;1,35;0,18;0,02;0,01;0,08;0,00;0,59;0,77;1,35;21,60;29,70;12,15;146,25;11,25;0,41;0,18;0,02;0,10;1,35;0,75;0,00;0,00;69,30;0,03;0,05;0,27;0,24;0,07;31,95;0,00;41,85;;;;;;;;
V11;141;Calabaza;65;1 unidad pequeña;13;2,86;0,78;0,13;0,03;0,01;0,06;0,00;0,00;0,00;1,24;13,00;22,75;1,30;126,75;14,95;0,33;0,17;0,05;0,10;0,13;0,08;0,00;0,00;13,00;0,04;0,03;0,39;0,07;0,07;16,90;0,00;9,75;;;;;;;;
V12;142;Cebolla cabezona;35;1 unidad pequeña;13;3,01;0,42;0,07;0,01;0,01;0,02;0,00;0,04;0,56;0,60;7,00;11,55;1,05;54,95;3,50;0,07;0,07;0,02;0,05;0,21;0,05;0,18;0,00;0,00;0,01;0,01;0,07;0,04;0,04;6,65;0,00;2,10;;;;;;;;
V13;143;Cebolla comun, hojas, tallos;40;1 gajo;13;2,92;0,72;0,08;0,01;0,01;0,03;0,00;0,00;0,00;0,00;28,80;14,80;6,40;110,40;8,00;0,60;0,16;0,03;0,06;0,00;0,00;0,00;0,00;15,60;0,02;0,03;0,20;0,03;0,02;25,60;0,00;7,60;;;;;;;;
V14;144;Cebolla puerro;20;1 gajo mediano;13;2,84;0,30;0,06;0,01;0,00;0,03;0,00;0,00;0,00;0,36;11,80;7,00;4,00;36,00;5,60;0,42;0,02;0,02;0,10;0,20;0,18;0,00;0,00;2,00;0,01;0,01;0,08;0,03;0,05;12,80;0,00;2,40;;;;;;;;
V15;145;Cidrayota;70;1/2 unidad grande;13;3,15;0,56;0,07;0,02;0,01;0,04;0,00;0,00;0,00;1,19;11,90;12,60;1,40;87,50;8,40;0,21;0,52;0,08;0,13;0,14;0,08;0,00;0,00;4,20;0,02;0,02;0,35;0,18;0,06;65,10;0,00;5,60;;;;;;;;
V16;146;Col;45;2 hojas aprox.;13;2,57;1,13;0,18;0,03;0,01;0,09;0,00;0,00;0,00;1,62;65,25;4,50;9,00;76,05;4,05;0,09;0,06;0,02;0,13;0,59;0,00;0,00;0,00;171,90;0,02;0,06;0,32;0,12;0,08;74,70;0,00;15,75;;;;;;;;
V17;147;Colinabo sin cascara;45;1 unidad mediana;13;3,02;0,81;0,05;0,00;0,00;0,02;0,00;0,00;0,00;1,62;11,25;20,25;9,45;153,00;8,55;0,18;0,14;0,06;0,06;0,32;0,22;0,00;0,00;1,80;0,02;0,01;0,02;0,07;0,07;5,40;0,00;24,30;;;;;;;;
V18;148;Coliflor;45;3 flores grandes;13;2,16;1,35;0,05;0,01;0,00;0,05;0,00;0,41;0,41;0,81;19,80;31,50;13,50;136,35;6,75;0,32;0,13;0,02;0,07;0,27;0,02;85,95;0,00;0,90;0,05;0,04;0,03;0,29;0,10;25,65;0,00;13,50;;;;;;;;
V19;149;Cubios;20;1 unidad;13;2,62;0,32;0,02;0,00;0,00;0,00;0,00;0,00;0,00;0,00;1,40;9,80;0,00;0,00;0,00;0,14;0,00;0,00;0,00;0,00;0,00;0,00;0,00;0,00;0,01;0,01;0,12;0,00;0,00;0,00;0,00;24,00;;;;;;;;
V20;150;Champiñones;55;5 unidades grandes;13;2,44;1,09;0,21;0,03;0,01;0,09;0,00;0,00;0,00;0,62;2,60;54,08;2,08;192,40;5,20;0,62;0,38;0,25;0,06;6,40;0,06;4,16;39,52;0,00;0,05;0,23;2,13;1,14;0,05;10,92;0,00;2,08;;;;;;;;
V21;151;Champiñones enlatados solidos;55;5 unidades grandes;13;2,75;1,05;0,17;0,02;0,01;0,06;0,00;0,00;0,00;1,32;6,05;36,30;2,34;70,95;8,25;0,44;8,25;0,40;0,13;2,26;6,60;0,00;0,00;0,00;0,05;0,01;0,88;0,45;0,03;6,60;0,00;0,00;;;;;;;;
V22;152;Chuguas o ullucos;20;1 unidad;13;2,66;0,30;0,00;0,00;0,00;0,00;0,00;0,00;0,00;0,00;3,00;11,40;0,00;0,00;0,00;0,08;0,00;0,00;0,00;0,00;0,00;0,00;0,00;0,00;0,01;0,01;0,08;0,00;0,00;0,00;0,00;4,00;;;;;;;;
V23;153;Espinaca;60;1 taza;13;2,10;1,74;0,24;0,04;0,01;0,09;0,00;0,30;0,78;1,08;59,40;29,40;47,40;334,80;47,40;1,62;0,32;0,08;0,54;0,60;1,13;159,60;0,00;403,20;0,05;0,11;0,42;0,04;0,12;116,40;0,00;16,80;;;;;;;;
V24;154;Esparragos;55;5 unidades  ;13;2,48;1,27;0,11;0,03;0,01;0,05;0,00;0,44;0,50;0,94;11,55;30,80;1,10;150,15;9,90;0,50;0,25;0,10;0,14;1,27;1,10;21,45;0,00;31,90;0,08;0,07;0,66;0,09;0,07;70,40;0,00;7,15;;;;;;;;
V25;155;Esparragos enlatados solidos;70;7 unidades;13;1,75;1,47;0,49;0,11;0,01;0,20;0,00;0,00;0,00;1,12;11,20;30,10;2,01;120,40;7,00;1,26;0,28;0,07;0,12;1,19;0,30;0,00;0,00;37,10;0,04;0,07;0,70;0,10;0,08;67,20;0,00;12,60;;;;;;;;
V26;156;Guascas;30;1/4 taza;13;2,10;0,96;0,15;0,00;0,00;0,00;0,00;0,00;0,00;0,00;73,50;13,50;0,00;0,00;0,00;2,13;0,00;0,00;0,00;0,00;0,00;0,00;0,00;96,00;0,03;0,08;0,63;0,00;0,00;0,00;0,00;9,00;;;;;;;;
V27;157;Habichuela;40;4 unidades medianas;13;2,84;0,72;0,04;0,01;0,00;0,02;0,00;0,00;0,00;1,36;14,80;15,20;2,40;83,60;10,00;0,40;0,10;0,03;0,08;0,24;0,16;11,20;0,00;26,80;0,03;0,04;0,32;0,04;0,03;14,80;0,00;6,40;;;;;;;;
V28;158;Habichuela enlatada solidos;65;6 unidades medianas;13;2,93;0,78;0,07;0,01;0,00;0,03;0,00;0,00;0,00;1,24;16,90;12,35;170,30;70,85;8,45;0,59;0,19;0,03;0,13;0,26;0,09;0,00;0,00;22,75;0,01;0,04;0,13;0,08;0,03;20,80;0,00;3,25;;;;;;;;
V29;159;Ibias tuberculo con cascara;25;1 unidad;13;3,15;0,28;0,03;0,00;0,00;0,00;0,00;0,00;0,00;0,00;2,00;10,50;0,00;0,00;0,00;0,13;0,00;0,00;0,00;0,00;0,00;0,00;0,00;0,00;0,01;0,01;0,10;0,00;0,00;0,00;0,00;6,25;;;;;;;;
V30;160;Jengibre raiz;20;n.n;13;3,02;0,34;0,14;0,04;0,03;0,03;0,00;0,00;0,00;0,40;3,60;5,40;2,60;83,00;8,60;0,10;0,07;0,05;0,05;0,14;0,05;0,00;0,00;0,00;0,00;0,01;0,14;0,04;0,03;2,20;0,00;1,00;;;;;;;;
V31;161;Lechuga batavia;110;3 hojas medianas;13;2,31;1,10;0,22;0,03;0,01;0,11;0,00;0,66;0,66;1,32;20,90;22,00;9,90;173,80;9,90;0,55;0,24;0,03;0,17;0,22;0,31;0,00;0,00;36,30;0,06;0,03;0,22;0,06;0,04;61,60;0,00;4,40;;;;;;;;
V32;162;Lechuga comun;70;4 hojas grandes;13;2,45;0,91;0,21;0,03;0,01;0,11;0,00;0,00;0,00;1,33;47,60;17,50;6,30;184,80;7,70;0,98;0,20;0,03;0,53;0,14;0,31;79,10;0,00;133,00;0,04;0,06;0,28;0,14;0,04;35,00;0,00;12,60;;;;;;;;
V33;163;Lechuga romana;95;3 hojas grandes;13;2,28;1,52;0,19;0,03;0,01;0,10;0,00;0,00;0,00;1,62;34,20;42,75;7,60;275,50;5,70;1,05;0,24;0,04;0,61;0,00;0,00;0,00;0,00;247,00;0,10;0,10;0,48;0,16;0,05;129,20;0,00;22,80;;;;;;;;
V34;164;Maiz tierno o choclo;15;1 cucharada sopera;13;2,85;0,48;0,18;0,03;0,05;0,08;0,00;0,00;0,00;0,48;0,30;13,35;2,25;40,50;5,55;0,08;0,07;0,01;0,02;0,09;0,01;0,00;0,00;4,20;0,03;0,01;0,26;0,11;0,01;6,90;0,00;1,05;;;;;;;;
V35;165;Maiz tierno o choclo amarillo enlatado;15;2 cucharada sopera;13;2,79;0,39;0,15;0,02;0,04;0,07;0,00;0,00;0,00;0,00;0,75;9,75;32,10;29,25;3,00;0,14;0,06;0,01;0,03;0,00;0,00;0,00;0,00;2,40;0,00;0,01;0,18;0,10;0,01;7,35;0,00;1,35;;;;;;;;
V36;166;Nabos sin cascara;50;1 unidad mediana;13;3,10;0,45;0,05;0,01;0,01;0,03;0,00;0,00;0,00;0,00;15,00;13,50;33,50;95,50;5,50;0,15;0,14;0,05;0,07;0,35;0,02;0,00;0,00;0,00;0,02;0,02;0,20;0,10;0,05;7,50;0,00;10,50;;;;;;;;
V37;167;Nacuma cogollo tierno;50;2 cucharadas ;13;1,70;1,70;1,00;0,00;0,00;0,00;0,00;0,00;0,00;0,00;50,00;50,00;0,00;0,00;0,00;0,50;0,00;0,00;0,00;0,00;0,00;0,00;0,00;0,00;0,02;0,05;0,20;0,00;0,00;0,00;0,00;0,50;;;;;;;;
V38;168;Palmitos enlatados solidos;45;1/2 pocillo;13;2,07;1,13;0,03;0,06;0,05;0,09;0,00;0,00;0,00;0,00;26,10;29,25;191,70;79,65;17,10;1,40;0,52;0,06;0,63;0,00;0,00;0,00;0,00;0,00;0,00;0,03;0,18;0,06;0,01;17,55;0,00;3,60;;;;;;;;
V39;169;Pepino cohombro con cascara;100;1/2 unidad grande;13;2,80;0,70;0,10;0,03;0,00;0,05;0,00;0,10;0,80;0,90;14,00;20,00;2,00;144,00;11,00;0,30;0,20;0,03;0,08;0,00;0,08;5,00;0,00;21,00;0,02;0,02;0,20;0,18;0,04;13,00;0,00;5,00;;;;;;;;
V40;170;Pepino de rellenar;100;1 unidad grande;13;2,60;0,60;0,10;0,00;0,00;0,00;0,00;0,00;0,00;0,00;11,00;32,00;0,00;0,00;0,00;0,60;0,00;0,00;0,00;0,00;0,00;0,00;0,00;3,00;0,04;0,05;0,20;0,00;0,00;0,00;0,00;5,00;;;;;;;;
V41;171;Pimenton rojo;50;1 unidad pequeña;13;3,20;0,45;0,10;0,02;0,01;0,05;0,00;0,00;0,00;0,00;4,50;9,50;1,00;88,50;5,00;0,25;0,06;0,04;0,06;0,15;0,35;0,00;0,00;285,00;0,04;0,02;0,25;0,04;0,13;11,00;0,00;95,00;;;;;;;;
V42;172;Pimenton amarillo;50;1 unidad pequeña;13;3,15;0,50;0,10;0,00;0,00;0,00;0,00;0,00;0,00;0,00;5,50;12,00;1,00;106,00;6,00;0,25;0,09;0,06;0,06;0,00;0,00;0,00;0,00;12,00;0,02;0,02;0,45;0,09;0,09;13,00;0,00;92,00;;;;;;;;
V43;173;Pimenton verde;50;1 unidad pequeña;13;3,20;0,45;0,10;0,02;0,01;0,05;0,00;0,00;0,00;0,00;4,50;9,50;1,00;88,50;5,00;0,25;0,06;0,04;0,06;0,15;0,35;0,00;0,00;31,50;0,04;0,02;0,25;0,04;0,13;11,00;0,00;44,50;;;;;;;;
V44;174;Pimenton jalapeño;45;2 unidades pequeñas;13;2,66;0,63;0,27;0,03;0,01;0,14;0,00;0,09;0,68;0,77;4,50;13,95;0,45;96,75;8,55;0,32;0,10;0,06;0,11;0,00;0,00;0,00;0,00;9,90;0,06;0,03;0,50;0,01;0,23;21,15;0,00;19,80;;;;;;;;
V45;175;Rabano rojo con cascara;65;1 unidad mediana;13;2,34;0,39;0,33;0,02;0,01;0,03;0,00;0,07;0,85;0,91;13,65;11,70;15,60;150,80;5,85;0,20;0,20;0,03;0,05;0,46;0,01;0,00;0,00;0,65;0,01;0,03;0,20;0,06;0,05;17,55;0,00;14,95;;;;;;;;
V46;176;Remolacha;30;1 rodaja grande;13;2,88;0,48;0,06;0,01;0,01;0,02;0,00;0,15;0,63;0,78;4,80;12,00;23,40;97,50;6,90;0,24;0,11;0,02;0,10;0,21;0,09;1,50;0,00;1,20;0,01;0,01;0,09;0,05;0,02;32,70;0,00;1,50;;;;;;;;
V47;177;Repollitas de brucelas;30;6 unidades;13;2,70;1,02;0,09;0,02;0,01;0,05;0,00;0,00;0,00;1,14;12,60;20,70;7,50;116,70;6,90;0,42;0,13;0,02;0,10;0,48;0,26;0,00;0,00;26,40;0,04;0,03;0,24;0,09;0,07;18,30;0,00;25,50;;;;;;;;
V48;178;Repollo morado;50;2 hojas grandes;13;3,05;0,70;0,15;0,02;0,01;0,07;0,00;0,00;0,00;1,00;25,50;21,00;5,50;103,00;7,50;0,25;0,11;0,05;0,09;0,45;0,05;0,00;0,00;2,00;0,03;0,02;0,15;0,16;0,11;10,50;0,00;28,50;;;;;;;;
V49;179;Repollo comun;50;2 hojas grandes;13;2,70;0,70;0,15;0,02;0,01;0,06;0,00;0,00;0,00;1,15;23,50;11,50;9,00;123,00;7,50;0,30;0,09;0,01;0,08;0,45;0,05;74,50;0,00;6,50;0,03;0,02;0,15;0,07;0,05;21,50;0,00;16,00;;;;;;;;
V50;180;Ruibarbo;60;1 tallo  ;13;2,70;0,54;0,12;0,03;0,02;0,06;0,00;0,00;0,00;1,08;51,60;8,40;2,40;172,80;7,20;0,12;0,06;0,01;0,12;0,66;0,12;0,00;0,00;0,60;0,01;0,02;0,18;0,05;0,01;4,20;0,00;4,80;;;;;;;;
V51;181;Tomate verde;55;1 unidad pequeña;13;2,81;0,66;0,11;0,02;0,02;0,06;0,00;0,11;0,83;0,94;7,15;15,40;7,15;112,20;5,50;0,28;0,04;0,05;0,06;0,22;0,21;25,85;0,00;35,20;0,03;0,02;0,28;0,28;0,04;4,95;0,00;12,65;;;;;;;;
V52;182;Zanahoria;30;2 rodajas grandes;13;3,03;0,30;0,06;0,01;0,00;0,04;0,00;0,42;0,30;0,72;8,10;13,20;10,50;96,90;4,50;0,15;0,06;0,02;0,04;0,33;0,14;3,90;0,00;843,90;0,03;0,02;0,27;0,06;0,05;4,20;0,00;2,70;;;;;;;;
V53;183;Zuccini;95;1/2 unidad mediana;13;2,75;0,57;0,09;0,02;0,00;0,02;0,00;0,00;1,14;1,14;14,25;30,40;2,85;235,60;20,90;0,38;0,19;0,05;0,12;0,00;0,00;0,00;0,00;32,30;0,06;0,02;0,38;0,07;0,08;20,90;0,00;8,55;;;;;;;;
;;;;Promedio;13;2,65;0,82;0,14;0,02;0,01;0,05;0,00;0,10;0,21;0,76;20,25;20,48;18,11;113,62;9,09;0,44;0,29;0,05;0,12;0,44;0,31;9,17;0,75;68,54;0,03;0,04;0,31;0,12;0,05;21,66;0,00;14,16;;;;;;;;
FR1;184;Guayaba comun;60;1 unidad mediana;30;7,14;0,48;0,36;0,1;0,04;0,15;0;0,83;3,36;4,19;12;15;1,8;170,4;6;0,18;0,14;0,06;0,08;0,36;0,67;0;0;47,4;0,03;0,03;0,72;0,09;0,08;8,4;0;110,4;Revisado ;;;;;;;
FR2;185;Anon pulpa sin semilla;30;1 onza;30;7,62;0,69;0,09;0,02;0,03;0,01;0;0;0;1,32;3;12;2,7;74,1;6,3;0,12;0,03;0,03;0;0,18;0,18;0;0;0,3;0,03;0,05;0,24;0,07;0,06;4,2;0;12;;;;;;;;
FR3;186;Badea jugo sin semilla;75;2 y 1/2 onzas;30;7,58;0,68;0,15;0;0;0;0;0;0;0;7,5;16,5;0;0;0;0,45;0;0;0;0;0;0;0;5,25;0;0,08;2,03;0;0;0;0;15;;;;;;;;
FR4;187;Banano bocadillo pulpa;30;1 unidad pequeña;30;8,22;0,36;0,03;0;0;0;0;0;0;0;1,5;7,8;0;0;0;0,12;0;0;0;0;0;0;0;6;0,01;0,01;0,15;0;0;0;0;3;;;;;;;;
FR5;188;Banano comun pulpa;35;1/3 unidad;30;8,19;0,35;0,18;0,07;0,01;0,03;0;0,25;0,14;0,39;2,1;7;0,35;138,6;10,15;0,11;0,06;0,04;0,05;0,39;0,09;0,18;0;2,8;0,02;0,04;0,18;0,09;0,2;6,65;0;3,15;;;;;;;;
FR6;189;Banano manzano;30;1/3 unidad;30;8,1;0,36;0,06;0;0;0;0;0;0;0;1,8;8,7;0;0;0;0,12;0;0;0;0;0;0;0;0;0,02;0,01;0,15;0;0;0;0;4,5;;;;;;;;
FR7;190;Banano pacifico;30;1/3 unidad;30;7,56;0,33;0,06;0;0;0;0;0;0;0;1,8;6,6;0;0;0;0,12;0;0;0;0;0;0;0;27;0,01;0,01;0,18;0;0;0;0;4,5;;;;;;;;
FR8;191;Brevas;40;1 unidad;30;7,68;0,32;0,12;0,02;0,03;0,06;0;0;0;1,32;14;5,6;0,4;92,8;6,8;0,16;0,06;0,03;0,05;0,24;0,36;0;0;5,6;0,02;0,02;0,16;0,12;0,04;0;0;0,8;;;;;;;;
FR9;192;Cereza dulce con cascara sin semilla;40;4 unidades;30;6,64;0,48;0,4;0,09;0,1;0,12;0;0;0;0,92;6;7,6;0;89,6;4,4;0,16;0,02;0,04;0,04;0,24;0,05;0;0;8,4;0,02;0,02;0,16;0,05;0,02;1,6;0;2,8;;;;;;;;
FR10;193;Ciruela comun pulpa sin semilla ni cascara;40;4 unidades;30;8,32;0,4;0,04;0;0;0;0;0,32;0,16;0,48;8;12;0;0;0;0,2;0;0;0;0;0;0;0;5,6;0,03;0,01;0,2;0;0;0;0;12;;;;;;;;
FR11;194;Ciruela claudia;55;1 unidad;30;7,15;0,44;0,33;0,03;0,23;0,07;0;0;0;0,83;2,2;5,5;0;94,6;3,85;0,06;0,06;0,02;0,03;0,28;0,33;0;0;17,6;0,02;0,06;0,28;0,1;0,04;1,1;0;5,5;;;;;;;;
FR12;195;Curuba pulpa o jugo;120;4 onzas;30;7,56;0,72;0,12;0;0;0;0;0;0;0;4,8;24;0;0;0;0,48;0;0;0;0;0;0;0;204;0;0,04;3;0;0;0;0;84;;;;;;;;
FR13;196;Chirimoya pulpa;40;1/4 unidad  ;30;7,28;0,76;0,04;0;0;0;0;0;0;0,96;12,8;14,8;0;0;0;0,2;0;0;0;0;0;0;0;0;0,04;0,06;0,36;0;0;0;0;2;;;;;;;;
FR14;197;Chontaduro pulpa cocida;15;1 cucharada;30;5,64;0,5;0,69;0;0;0;0;0;0;0;3,45;7,05;0;0;0;0,11;0;0;0;0;0;0;0;109,5;0,01;0,02;0,14;0;0;0;0;3;;;;;;;;
FR15;198;Durazno amarillo con cascara;65;1 unidad grande;30;7,8;0,65;0,07;0;0;0;0;0,52;0,46;0,98;6,5;22,75;0;0;0;0,52;0;0;0;0,26;0,46;0;0;58,5;0,03;0,02;0,33;0;0;0;0;19,5;;;;;;;;
FR16;199;Durazno amarillo sin cascara;70;1 unidad grande;30;7,77;0,49;0,07;0,01;0,02;0,04;0;0;0;0;3,5;8,4;0;137,9;4,9;0,07;0,1;0,05;0,04;0,28;0,49;0;0;37,8;0,01;0,03;0,7;0,12;0,01;2,1;0;4,9;;;;;;;;
FR17;200;Durazno blanco pulpa sin semilla;75;1 unidad grande;30;7,8;0,68;0,08;0;0;0;0;0;0;0;6;21,75;0;0;0;0,3;0;0;0;0;0;0;0;2,25;0,02;0,02;0,23;0;0;0;0;21;;;;;;;;
FR18;201;Feijoa sin cascara;65;1 unidad mediana;30;7,74;0,59;0;0;0;0;0;0;0;0;23,4;10,4;1,95;100,75;5,85;0,46;0,03;0,04;0,06;0;0;0;0;0;0,03;0,03;0,65;0,15;0,03;24,7;0;2,6;;;;;;;;
FR19;202;Frambuesa;60;1/2 pocillo;30;6,96;0,54;0,36;0,01;0,03;0,19;0;0;0;4,08;13,2;7,2;0;91,2;10,8;0,36;0,28;0,04;0,61;0,36;0,27;0;0;7,8;0,02;0,05;0,54;0,14;0,04;15,6;0;15;;;;;;;;
FR20;203;Fresas ;95;9 unidades;30;6,56;0,76;0,38;0,02;0,05;0,18;0;1,33;0,38;1,71;26,6;25,65;0,95;157,7;9,5;0,76;0,12;0,05;0,28;0,67;0,13;13,3;0;2,85;0,03;0,07;0,29;0,32;0,06;17,1;0;57;;;;;;;;
FR21;204;Guayaba blanca pulpa sin semillas;85;1 unidad grande;30;8,08;0,77;0,09;0;0;0;0;0;0;0;12,75;18,7;0;0;0;0,51;0;0;0;0;0;0;0;0;0,03;0,03;0,51;0;0;0;0;204;;;;;;;;
FR22;205;Granadilla jugo sin semillas;65;1 unidad;30;7,54;0,72;0,07;0;0;0;0;0;0;0;4,55;19,5;0;0;0;0,52;0;0;0;0;0;0;0;0;0;0,07;1,37;0;0;0;0;13;;;;;;;;
FR23;206;Guanabana pulpa;60;6 copos grandes;30;7,8;0,66;0,18;0,03;0,05;0,04;0;0;0;1,98;13,2;16,8;8,4;166,8;12,6;0,24;0,06;0,05;0;0,36;0,24;0;0;0;0,02;0,04;0,54;0,15;0,04;8,4;0;15;;;;;;;;
FR24;207;Kiwi sin cascara;50;1 unidad;30;7,45;0,5;0,2;0,02;0,02;0,12;0;0,4;0,45;0,85;13;20;2,5;166;15;0,2;0,09;0,08;0;0,3;0,56;0;0;9;0,01;0,03;0,25;0;0,05;19;0;49;;;;;;;;
FR25;208;Limon con cascara sin semillas;150;5 unidades pequeñas;30;16,05;1,8;0,45;0,06;0,02;0,14;0;0;0;7,05;91,5;22,5;4,5;217,5;18;1,05;0,15;0,39;0;0;0;0;0;4,5;0,08;0,06;0,3;0,35;0,17;0;0;115,5;;;;;;;;
FR26;209;Limon sin cascara ni semillas;105;4 unidades pequeñas;30;9,77;1,16;0,32;0,04;0,01;0,09;0;0;0;2,94;27,3;16,8;2,1;144,9;8,4;0,63;0,06;0,04;0,03;0;0;0;0;3,15;0,04;0,02;0,11;0,2;0,08;11,55;0;55,65;;;;;;;;
FR27;210;Limon jugo;120;4 onzas;30;10,32;0,48;0;0;0;0;0;0;0;0,48;8,4;7,2;1,2;148,8;7,2;0;0,06;0,04;0,01;0,12;0,11;0;0;2,4;0,04;0,01;0,12;0,12;0,06;15,6;0;55,2;;;;;;;;
FR28;211;Lulo jugo sin semillas;130;4 y 1/2 onzas;30;7,41;0,78;0,13;0;0;0;0;0;0;0;10,4;15,6;0;0;0;0,78;0;0;0;0;0;0;0;78;0,05;0,05;1,95;0;0;0;0;32,5;;;;;;;;
FR29;212;Mandarina pulpa;80;1 unidad;30;7,6;0,56;0,08;0,02;0,02;0,03;0;1,12;0,32;1,44;19,2;15,2;0,8;125,6;9,6;0,16;0,19;0,02;0,02;0,4;0,19;0;0;80;0,09;0,02;0,24;0,16;0,06;16;0;19,2;;;;;;;;
FR30;213;Mandarina jugo;70;2 onzas;30;7,07;0,35;0,14;0,01;0,03;0,03;0;0;0;0,14;12,6;9,8;0,7;124,6;5,6;0,14;0,02;0,02;0,03;0;0;0;0;29,4;0,04;0,01;0,07;0;0;0;0;21,7;;;;;;;;
FR31;214;Mango pulpa sin cascara;45;1 unidad pequeña;30;7,65;0,23;0,14;0,03;0,05;0,02;0;0;0;0,81;4,5;4,95;0,9;70,2;4,05;0,05;0,02;0,05;0,01;0,27;0,5;0;0;175,05;0,03;0,03;0,27;0,07;0,06;6,3;0;12,6;;;;;;;;
FR32;215;Manzana con cascara sin semillas ni corazon;50;1 unidad pequeña;30;7,65;0,1;0,2;0,03;0,01;0,06;0;0,9;0,1;1;3,5;3,5;0;57,5;2,5;0,1;0,02;0,02;0,03;0,15;0,16;2;0;2,5;0,01;0,01;0,05;0,03;0,03;1,5;0;3;;;;;;;;
FR33;216;Manzanas sin semillas ni cascara;55;1 unidad pequeña;30;8,14;0,11;0,17;0,03;0,01;0,05;0;0,72;0,11;0,83;2,2;3,85;0;62,15;1,65;0,06;0,02;0,02;0,01;0,17;0,18;0,25;0;2,2;0,01;0,01;0,06;0,03;0,03;0;0;2,2;;;;;;;;
FR34;217;Manzana jugo enlatado sin azucar ni Vit C;65;2 onzas;30;7,61;0,07;0,07;0,1;0,01;0,02;0;0;0;0,07;4,55;4,55;1,95;77,35;1,95;0,26;0,02;0,01;0,07;0,07;0,01;0;0;0;0,01;0,01;0,07;0,04;0,02;0;0;0,65;;;;;;;;
FR35;218;Maracuya morado pulpa sin semillas;60;1 unidad grande;30;6,6;0,9;0,3;0;0;0;0;0;0;6,24;5,4;12,6;0;0;0;1,02;0;0;0;0;0;0;0;103,8;0,01;0,1;0,48;0;0;0;0;12;;;;;;;;
FR36;219;Maracuya amarillo jugo;50;1 y 1/2 onzas ;30;7,25;0,35;0,1;0,1;0,01;0,06;0;0;0;0,1;2;12,5;3;139;8,5;0,2;0,03;0,03;0;0;0;0;0;120,5;0;0,07;1,1;0;0,3;4;0;9;;;;;;;;
FR37;220;Marañón o merey sin almendra;100;2 unidades;30;7,7;0,9;0,1;0;0;0;0;0;0;0;5;24;0;0;0;0,4;0;0;0;0;0;0;0;5;0,03;0,05;0,4;0;0;0;0;200;;;;;;;;
FR38;221;Melon amarillo pulpa;85;1 rodaja mediana;30;7,14;0,77;0,26;0,06;0,01;0,09;0;0,17;0,17;0,34;9,35;14,45;7,65;262,65;9,35;0,17;0,14;0,03;0,04;0,34;0,13;0;0;273,7;0,03;0,02;0,51;0,11;0,1;14,45;0;35,7;;;;;;;;
FR39;222;Moras pulpa;60;6 unidades;30;7,68;0,42;0,24;0,01;0,02;0,13;0;0;0;3,18;19,2;12,6;0;117,6;12;0,36;0,16;0,08;0,77;0,36;0,43;0;0;9,6;0,02;0,02;0,24;0,14;0,04;20,4;0;12,6;;;;;;;;
FR40;223;Moras castilla pulpa sin semilla;130;1/2 pocillo;30;7,28;0,78;0,13;0;0;0;0;0;0;0;54,6;13;0;0;0;2,21;0;0;0;0,78;0,92;0;0;0;0,03;0,07;0,39;10,4;0;0;0;10,4;;;;;;;;
FR41;224;Naranjas pulpa todas las variedades;65;1/2 unidad;30;7,67;0,59;0,07;0,01;0,01;0,02;0;0,91;0,46;1,37;26;9,1;0;117,65;6,5;0,07;0,05;0,03;0,02;0,33;0,16;0,88;0;13,65;0,06;0,03;0,18;0,16;0,04;19,5;0;34,45;;;;;;;;
FR42;225;Naranjas jugo;70;2 y 1/2 onzas;30;7,28;0,49;0,14;0,01;0,03;0,03;0;0;0;0,14;7,7;11,9;0,7;140;7,7;0,14;0,04;0,03;0,01;0,07;0,06;0,03;0;14;0,06;0,02;0,28;0,13;0,03;21;0;35;;;;;;;;
FR43;226;Naranjas jugo enlatado sin dulce;70;2 y 1/2 onzas;30;6,93;0,42;0,07;0,01;0,02;0,02;0;0;0;0,14;5,6;9,8;1,4;122,5;7,7;0,28;0,05;0,04;0,01;0,07;0,06;0;0;12,6;0,04;0,02;0,22;0,11;0,06;12,6;0;23,8;;;;;;;;
FR44;227;Nispero pulpa sin semillas;35;1 unidad pequeña;30;7,7;0,18;0,39;0,07;0,18;0;0;0;0;1,86;4,9;2,8;4,2;67,55;4,2;0,11;0,04;0,03;0;0,21;0,09;0;0;2,1;0;0,01;0,11;0,09;0,01;4,9;0;1,75;;;;;;;;
FR45;228;Papaya pulpa sin semillas;75;1 rebanada delgada;30;7,35;0,45;0,08;0,03;0,03;0,02;0;0;0;1,35;18;3,75;2,25;192,75;7,5;0,08;0,05;0,02;0,01;0,45;0,84;0;0;21;0,02;0,02;0,26;0,17;0,02;28,5;0;46,5;;;;;;;;
FR46;229;Papayuela pulpa sin semillas;190;2 y 1/2 unidades;30;7,41;1,33;0,19;0;0;0;0;0;0;0;19;20,9;0;0;0;0,57;0;0;0;0;0;0;0;19;0,04;0,06;1,14;0;0;0;0;133;;;;;;;;
FR47;230;Pera con cascara;50;1/2 unidad;30;7,55;0,2;0,2;0,01;0,04;0,05;0;0,2;1,2;1,4;5,5;5,5;0;62,5;3;0,15;0,06;0,06;0,04;0,5;0,25;0;0;1;0,01;0,02;0,05;0,04;0,01;3,5;0;2;;;;;;;;
FR48;231;Piña pulpa sin corazon;60;1 trozo pequeño;30;7,44;0,24;0,24;0,02;0,03;0,09;0;0,06;0,66;0,72;4,2;4,2;0,6;67,8;8,4;0,24;0,05;0,07;0,99;0,36;0,06;0;0;1,2;0,05;0,02;0,25;0,1;0,05;6,6;0;9;;;;;;;;
FR49;232;Piña jugo;55;2 onzas;30;7,15;0,17;0,06;0;0;0;0;0;0;0;8,25;4,4;0;0;0;0,28;0;0;0;0,06;0,01;0;0;4,4;0,03;0,01;0,11;0;0;0;0;4,95;;;;;;;;
FR50;233;Pitahaya amarilla, pulpa sin semillas;60;1 unidad;30;7,92;0,24;0,06;0;0;0;0;0;0;1,26;6;9,6;0;0;0;0,18;0;0;0;0;0;0;0;0;0,02;0,02;0,12;0;0;0;0;2,4;;;;;;;;
FR51;234;Pomelo;80;1/2 unidad;30;7,68;0,64;0;0;0;0;0;0,72;0,32;1,04;3,2;13,6;0,8;172,8;4,8;0,08;0,06;0,04;0,02;0;0;0;0;0;0,02;0,02;0,18;0;0,03;0;0;48,8;;;;;;;;
FR52;235;Sandia o patilla pulpa;95;1 tajada;30;6,84;0,57;0,38;0,05;0,1;0,14;0;0,1;0,29;0,38;7,6;8,55;1,9;110,2;10,45;0,19;0,07;0,03;0,04;0,1;0,14;0;0;35,15;0,08;0,02;0,19;0,2;0,13;1,9;0;9,5;;;;;;;;
FR53;236;Tamarindo pulpa concentrada;10;1 cucharada;30;6,13;0,54;0,05;0,03;0,02;0,01;0;0;0;0,51;8,1;8,6;2,8;62,8;9,2;0,11;0,02;0,01;0;0,13;0,07;0;0;0,3;0,02;0,02;0,25;0,01;0,1;1,4;0;2;;;;;;;;
FR54;237;Tomate de arbol pulpa sin semillas;100;1 unidad grande;30;7;1,4;0,1;0;0;0;0;0;0;0;6;22;0;0;0;0,4;0;0;0;0;0;0;0;100;0,05;0,03;1,1;0;0;0;0;25;;;;;;;;
FR55;238;Toronja pulpa;95;1/4 unidad;30;7,7;0,57;0,1;0,01;0,01;0,02;0;0;0;1,05;11,4;7,6;0;132,05;7,6;0,1;0,07;0,05;0,01;1,33;0,24;0;0;11,4;0,04;0,02;0,29;0,27;0,04;9,5;0;32,3;;;;;;;;
FR56;239;Toronja jugo;75;2 y 1/2 onzas;30;6,9;0,38;0,08;0,01;0,01;0,02;0;0;0;0,08;6,75;11,25;0,75;121,5;9;0,15;0,04;0,02;0,02;0,08;0,04;0,02;0;0,75;0,03;0,02;0,15;0,14;0,03;7,5;0;28,5;;;;;;;;
FR57;240;Uchuvas;40;7 unidades;30;7,84;0,04;0,08;0;0;0;0;0;0;0;3,2;22;0;0;0;0,48;0;0;0;0;0;0;0;105,2;0,04;0,01;0,68;0;0;0;0;17,2;;;;;;;;
FR58;241;Uva verde con cascara;95;9 unidades;30;7,7;0,48;0;0;0;0;0;0;0;0,48;5,7;19;0;0;0;0,38;0;0;0;0;0;0;0;0;0,03;0,01;0,1;0;0;0;0;4,75;;;;;;;;
FR59;242;Una negra pulpa;85;18 unidades;30;8,16;0,34;0;0;0;0;0;0;0;0;6,8;8,5;0;0;0;0,34;0;0;0;0;0;0;0;0;0,03;0,01;0,09;0;0;0;0;6,8;;;;;;;;
FR60;243;Uva americana sin cascara;45;8 unidades;30;7,74;0,27;0,18;0,05;0;0,05;0;0;0;0,59;6,3;4,5;0,9;85,95;2,25;0,14;0,02;0,02;0,32;0,09;0,15;0;0;4,5;0,04;0,03;0,14;0,01;0,05;1,8;0;1,8;;;;;;;;
FR61;244;Uva tipo europeo roja o verde, con cascara;40;8 unidades;30;7,12;0,28;0,24;0,08;0,01;0,07;0;0;0;0,4;4,4;5,2;0,8;74;2,4;0,12;0,02;0,04;0,02;0,08;0,28;0;0;2,8;0,04;0,02;0,12;0,01;0,04;1,6;0;4,4;;;;;;;;
FR62;245;Zapote pulpa;60;1/2 unidad pequeña;30;7,44;0,66;0,06;0,02;0;0;0;0;0;0,78;15;19,2;0;0;0;0,84;0;0;0;0;0;0;0;60;0,03;0,05;0,24;0;0;0;0;12;;;;;;;;
;;;;Promedio;30;7,67;0,54;0,16;0,02;0,02;0,04;0,00;0,14;0,14;0,94;10,85;12,04;0,95;73,52;4,45;0,32;0,04;0,03;0,06;0,17;0,14;0,27;0,00;29,94;0,03;0,03;0,42;0,23;0,04;5,14;0,00;28,18;;;;;;;;
CER1;246;Arroz blanco pulido;30;3 cucharadas soperas;108;23,64;2,34;0,12;0;0;0;0;0;0;0,39;2,7;42;1,5;27,6;7,2;0,24;0,39;0,06;0;0;0;0;0;0;0,02;0,01;0,39;0,17;0,05;3;0;0;Aprobado;;;;;;;
CER2;247;Arroz blanco grano mediano enriquecido;30;3 cucharadas soperas;108;23,79;1,98;0,18;0,05;0,05;0,05;0;0;0;0,42;2,7;32,4;0,3;25,8;10,5;1,32;0,35;0,03;0,33;0;0;0;0;0;0,17;0,02;1,53;0,4;0,05;69,3;0;0;;;;;;;;
CER3;248;Arroz integral grano mediano;30;3 cucharadas soperas;108;22,86;2,25;0,81;0,16;0,29;0,29;0;0;0;1,02;9,9;79,2;1,2;80,4;42,9;0,54;0,61;0,08;1,12;0;0,2;0;0;0;0,12;0,01;1,29;0,45;0,15;6;0;0;;;;;;;;
CER4;249;Avena nacional hojuelas;30;4 cucharadas rasas;108;24;4,5;3;0;0;0;0;1,5;4,5;6;11;80;0;0;0;0;0;0;0;0;0;0;0;0;0;0;0;0;0;0;0;0;;;;;;;;
CER5;250;Avena en hojuelas, instantanea sin fortificar;35;3 cucharadas;108;23,45;5,6;2,21;0,39;0,69;0,81;0;0;0;3,82;18,2;165,9;1,4;122,5;51,8;1,47;1,07;0,12;1,27;11,9;0,25;22,05;0;3,5;0,26;0,05;0,28;0,44;0,04;11,2;0;0;;;;;;;;
CER6;251;Avena en hojuelas, instantanea fortificada;30;3 cucharadas;108;19,2;4,65;1,83;0,32;0,58;0,67;0;0;0;3,27;172,8;140,4;303;106,2;44,4;6,69;0,92;0,1;1,09;0;0;0;0;481,2;0,56;0,31;5,82;0,38;0,78;85,8;0;0;;;;;;;;
CER7;252;Cebada perlada;30;3 cucharadas;108;23,31;2,97;0,36;0,07;0,05;0,17;0;0;0;4,68;8,7;66,3;2,7;84;23,7;0,75;0,64;0,13;0,4;11,31;0,04;0;0;0,6;0,06;0,03;1,38;0,08;0,08;6,9;0;0;;;;;;;;
CER8;253;Cebada ;30;3 cucharadas;108;22,05;3,75;0,69;0,14;0,09;0,33;0;0;0;5,19;9,9;79,2;3,6;1,36;39,9;1,08;0,83;0,15;0,58;0;0;0;0;0,6;0,2;0,09;1,38;0,08;0,1;5,7;0;0;;;;;;;;
CER9;254;Centeno;30;3 cucharadas;108;20,94;4,44;0,75;0,09;0,09;0,34;0;0;0;4,38;9,9;112,2;1,8;79,2;36,3;0,81;1,12;0,14;0,8;10,59;0,56;0;0;0;0,1;0,08;1,29;0,44;0,09;18;0;0;;;;;;;;
CER10;255;Maiz amarillo grano entero;30;3 cucharadas;108;22,29;2,82;1,41;0,2;0,38;0,65;0;0;0;0;2,1;63;10,5;86,1;38,1;0,81;0,66;0,09;0,15;4,65;0,23;0;0;14,1;0,12;0,06;1,08;0,13;0,19;5,7;0;0;;;;;;;;
CER11;256;Maiz amarillo trillado;30;3 cucharadas;108;23,19;2,52;0,36;0;0;0;0;0;0;0;1,5;29,7;0;0;0;0,36;0;0;0;0;0;0;0;9;0,05;0,02;0,02;0;0;0;0;0;;;;;;;;
CER12;257;Maiz blanco grano entero;30;3 cucharadas;108;22,29;2,82;1,41;0,2;0,38;0,65;0;0;0;0;2,1;63;10,5;86,1;38,1;0,81;0,66;0,09;0,15;0;0;0;0;0;0,12;0,06;1,08;0,13;0,19;5,7;0;0;;;;;;;;
CER13;258;Maiz blanco trillado;30;3 cucharadas;108;22,38;2,61;0,27;0,04;0,07;0,12;0;0;0;0;1,2;21,3;0;0;0;0,33;0;0;0;0;0;0;0;0;0,06;0,01;0,33;0;0;0;0;0;;;;;;;;
CER14;259;Trigo blando grano entero;30;3 cucharadas;108;22,62;3,21;0,6;0,11;0,07;0,25;0;0;0;3,81;10,2;120,6;0,6;130,5;27;1,62;1,04;0,13;1,02;0;0;6;0;0;0,12;0,03;1,44;0,26;0,11;12,3;0;0;;;;;;;;
CER15;260;Quinua;30;3 cucharadas;108;20,67;3,93;1,74;0,18;0,46;0,71;0;0;0;1,77;18;123;6,3;222;63;2,79;0,99;0,25;0,68;0;0;0;0;0;0,06;0,12;0,87;0,32;0,07;14,7;0;0;;;;;;;;
CER16;261;Maiz pira grano entero;30;1/2 pocillo tintero;108;21,54;2,61;1,14;0;0;0;0;1,2;0,36;0,84;3,6;73,5;0;0;0;0,72;0;0;0;0;0;0;0;0;0,12;0,03;0,54;0;0;0;0;0,3;;;;;;;;
CER17;262;Almidon de maiz (maicena);30;2 cucharadas rasas;108;27,39;0,09;0,03;0;0,01;0,01;0;0;0;0,27;0,6;3,9;2,7;0,9;0,9;0,15;0,02;0,02;0,02;0,84;0;0;0;0;0;0;0;0;0;0;0;0;;;;;;;;
CER18;263;Arepa redonda de maiz blanco trillado;60;1 unidad pequeña;108;22,38;2,46;0,3;0;0;0;0;0;0;0;1,8;15;0;0;0;0,48;0;0;0;0;0;0;0;0;0,02;0,01;0,06;0;0;0;0;0;;;;;;;;
CER19;264;Arepa delgada de maiz blanco trillado;60;1 unidad pequeña;108;24,12;2,28;0,36;0;0;0;0;0;0;0;1,8;19,2;0;0;0;0,48;0;0;0;0;0;0;0;0;0,02;0,01;0,12;0;0;0;0;0;;;;;;;;
CER20;265;Cuchuco de cebada;30;1 y 1/2 cucharada;108;23,34;2,7;0,21;0;0;0;0;0;0;0;10,8;144;0;0;0;0,51;0;0;0;0;0;0;0;0;0,08;0,02;1,44;0;0;0;0;0;;;;;;;;
CER21;266;Cuchuco de trigo ;35;2 cucharadas;108;24,71;4,8;0,42;0;0;0;0;0;0;0;17,5;115,5;0;0;0;1,51;0;0;0;0;0;0;0;0;0,34;0,07;0,88;0;0;0;0;0;;;;;;;;
CER22;267;Espaguettis y macarrones;30;1/4 de paquete (125 g);108;22,56;3,75;0,36;0;0;0;0;0;0;0;8,1;48,6;0,6;59,1;14,4;0,39;0,45;0,03;0;18,66;0,05;0;0;0;0,03;0,02;0,51;0;0,02;3,6;0;0;;;;;;;;
CER23;268;Espaguettis enriquecidos;30;1/4 de paquete (125 g);108;22,41;3,84;0,48;0,07;0,06;0,2;0;0;0;0,72;5,4;45;2,1;48,6;14,4;1,17;0,36;0,08;0,21;0;0;0;0;0;0,31;0,13;2,25;0,13;0,03;69,3;0;0;;;;;;;;
CER24;269;Harina de arroz integral;30;1 y 1/2 cucharada;108;22,95;2,16;0,84;0,17;0,3;0,3;0;0;0;1,38;3,3;101,1;2,4;86,7;33,6;0,6;0,74;0,07;1,2;0;0;0;0;0;0,13;0,02;1,89;0,48;0,22;4,8;0;0;;;;;;;;
CER25;270;Harina de arroz blanco;30;3 cucharadas;108;24,03;1,8;0,42;0,12;0,13;0,11;0;0;0;0,72;3;29,4;0;22,8;10,5;0,12;0,24;0,04;0,36;4,53;0,04;0;0;0;0,04;0,01;0,78;0,25;0,13;1,2;0;0;;;;;;;;
CER26;271;Harina de maiz amarillo trillado;35;3 y 1/2 cucharadas;108;25,17;3,19;1,3;0,14;0,32;0,71;0;0;0;0;6,3;96,6;0,35;42;16,45;0,95;0,28;0,04;0;0;0;0;0;17,5;0,11;0,05;0,74;0;0;2,45;0;0;;;;;;;;
CER27;272;Harina de maiz blanco trillado;35;3 y 1/2 cucharadas;108;25,17;3,19;1,3;0;0;0;0;0;0;0;6,3;86,8;0;0;0;0,95;0;0;0;0;0;0;0;0;0,11;0,04;0,63;0;0;0;0;0;;;;;;;;
CER28;273;Harina de trigo de primera 80% del grano;30;1 cucharada;108;22,53;3,12;0,15;0;0;0;0;0;0;0;9;42;0;0;0;0,81;0;0;0;0;0;0;0;0;0,05;0,02;0,24;0;0;0;0;0;;;;;;;;
CER29;274;Harina de trigo nacional;30;3 cucharadas rasas;108;21,96;3,54;0,3;0;0;0;0;0;0;0;15,6;51;0;0;0;0,84;0;0;0;0;0;0;0;0;0,16;0,08;0;0;0;0;0;0;;;;;;;;
CER30;275;Harina de trigo enriquecida blanqueada;30;4 cucharadas;108;22,89;3,09;0,3;0,05;0,03;0,09;0;0;0;0,81;4,5;32,4;0,6;32,1;6,6;1,38;0,21;0,04;0,2;10,17;0,02;0,15;0;0;0,24;0,15;1,77;0,13;0,01;46,2;0;0;;;;;;;;
CER31;276;Harina de trigo integral;30;3 y 1/2 cucharadas;108;21,78;4,11;0,57;0,1;0,07;0,23;0;0;0;3,66;10,2;103,8;1,5;121,5;41,4;1,17;0,88;0,11;1,14;21,21;0,37;0,33;0;0;0,14;0,07;1,92;0,3;0,1;13,2;0;0;;;;;;;;
CER32;277;Pastas alimenticias;30;1/4 de paquete (125 g);108;22,08;3,21;0,12;0;0;0;0;0;0;0;7,5;36;0;0;0;1,11;0;0;0;0;0;0;0;0;0,04;0,01;0,21;0;0;0;0;0;;;;;;;;
CER33;278;Pastas alimenticias enriquecidas;30;1/4 de paquete (125 g);108;22,08;3,21;0,12;0;0;0;28,5;0;0;0;7,5;36;0;0;0;1,17;0;0;0;0;0;0;0;0;0,11;0,07;0,81;0;0;0;0;0;;;;;;;;
CER34;279;Pastas con huevo para sopa;30;1/4 de paquete (125 g);108;21,33;4,2;1,26;0,27;0,37;0,35;0;0;0;0,33;9,3;64,2;6,3;70,2;18;1,35;0,48;0,09;0,22;17,76;0,05;0;0;5,4;0,32;0,14;2,4;0,21;0,04;69,3;0,12;0;;;;;;;;
CER35;280;Salvado de trigo;50; 5 cucharadas colmadas;108;32,25;7,8;2,15;0,32;0,32;1,11;0;0;0;21,4;36,5;506,5;1;591;305,5;5,3;3,64;0,5;5,75;38,8;1,16;41,5;0;0;0,26;0,29;6,8;1,09;0,65;39,5;0;0;;;;;;;;
CER36;281;Taco vacio horneado;25;n.n;108;15,6;1,8;5,65;0,81;2,23;2,12;0;0;0;1,88;40;62;91,75;44,75;26,25;0,63;0,35;0,03;0,11;0;0;0;0;0;0,06;0,01;0,35;0,12;0,08;26,25;0;0;;;;;;;;
CER37;282;Tortillas de maiz;50;1 y 1/2 unidad;108;23,3;2,85;1,25;0,17;0,33;0,56;0;0;0;2,6;87,5;157;80,5;77;32,5;0,7;0,47;0,08;0,2;0;0;0;0;0;0,06;0,04;0,75;0,1;0,11;57;0;0;;;;;;;;
CER38;283;Germen de trigo tostado;30;1 onza;108;14,88;8,73;3,21;0,55;0,45;1,99;0;0;0;3,87;13,5;343,8;1,2;284,1;96;2,73;5;0,19;5,99;19,5;5,44;11,7;0;0;0,5;0,25;1,68;0,42;0,29;105,6;0;1,8;;;;;;;;
CER39;284;Cornflakes;30;3/4 de taza;108;25,83;2,43;0,09;0;0;0;0;0;0;0;0,9;18,9;371,4;27,6;3,6;1,89;0,08;0,02;0;1,53;0,04;0;42;397,2;0,39;0,45;5,28;0,05;0,54;105,9;0;15,9;;;;;;;;
CER40;285;Kelloggs all bran;40;6 cucharadas;108;30,36;4,88;1,24;0,28;0,24;0,72;0;0;0;12,92;141,2;392;81,2;455,6;171,6;6;5;0,48;3,66;3,76;0,74;0;56;300,4;0,52;0,56;6,68;0,69;0,68;120;2;20;;;;;;;;
CER41;286;Kelloggs corn pops;30;5 cucharadas  ;108;27,51;1,11;0,18;0,06;0,06;0,03;0;0;0;0,42;2,4;6,3;119,1;21,9;2,4;1,8;1,5;0,03;0,07;1,95;0,03;0;0;225,3;0,39;0,42;5,01;0,09;0,51;105,9;0;15;;;;;;;;
CER42;287;Kelloggs honey crunch corn flakes;30;4 cucharadas;108;25,56;1,89;0,87;0,09;0,51;0,27;0;0;0;0,66;4,2;16,2;216;30,6;7,2;1,8;0,18;0,03;0,05;1,53;0,61;0;0;225,3;0,39;0,42;5,01;0,07;0,51;90;0;15;;;;;;;;
CER43;288;Kelloggs mueslix apple almond crunch;30;4 cucharadas;108;22,29;2,94;2,7;0,57;1,41;0,57;0;0;0;2,55;18,3;95,7;147,3;114;34,2;2,55;1,71;0,03;0,71;5,19;3,15;0;0;127,5;0,21;0,24;2,82;1,14;0,27;60;0,69;0;;;;;;;;
CER44;289;Kelloggs rice krispies;30;4 cucharadas;108;25,95;1,89;0,33;0,12;0,09;0,15;0;0;0;0,33;3;39,6;321,6;38,4;14,4;1,8;0,54;0,06;0,32;4,62;0,04;0;42;225,3;0,39;0,42;6,78;0;0,69;90;0;14,4;;;;;;;;
CER45;290;Kelloggs special k;30;4 cucharadas;108;21,72;6,15;0,27;0;0;0,21;0;0;0;0,93;4,5;49,2;241,8;52,8;17,1;8,43;3,63;0,03;0,83;16,47;0,08;0;42;217,8;0,21;0,57;6,78;0;0,69;90;0;14,4;;;;;;;;
CER46;291;Quaker 100% natural con avena miel pasas;25;1 onza;108;17,58;2,38;3,58;1,57;1,56;0,4;0,25;0;0;1,8;19;73,5;5,5;104,75;23,5;0,83;0,53;0,14;0,59;4,33;0,25;0;0;0,25;0,07;0,04;0,38;0,14;0,04;5,75;0,03;0,25;;;;;;;;
CER47;292;Quaker oat bran cereal;30;1 onza;108;21,78;4,5;1,56;0,29;0,51;0,64;0;0;0;3,15;15,9;161,1;108;135,3;52,2;8,4;2,05;0,09;1,19;9,15;1,1;0;0;81,9;0,2;0,23;2,73;0,26;0,27;54,6;0;3,3;;;;;;;;
CER48;293;Quaker honey graham ohls;25;1 onza;108;21,05;1,25;1,78;0,51;0,99;0,26;0;0;0;0,65;11,5;38,75;164,75;41,75;11,75;4,18;3,48;0,04;0,17;2,13;0,1;0;0;279;0,35;0,4;4,65;0,08;0,46;93;0;11,25;;;;;;;;
CER49;294;Granola;20;1/2 pocillo o 3 cucharadas;108;11,04;2,46;5,44;0,96;1,54;2,82;0;0;0;2,1;12,4;81;2;100,4;23,2;0,8;0,73;0,11;0;0;0;0;0;0;0,12;0,05;0,36;0,12;0,07;16,2;0;0,2;;;;;;;;
CER50;295;Granola (con avena tostada);25;1/2 pocillo o 3 cucharadas;108;16,7;2,55;4,35;2,88;0,65;0,61;0;0;0;0,75;15,75;78,25;51,5;86;25,5;0,83;0,49;0,08;0;0;0;0;0;0;0,09;0,04;0,18;0,21;0;18,75;0;0;;;;;;;;
CER51;296;Kelloggs choco krispies;30;5 cucharadas;108;26,37;1,5;0,78;0,57;0,09;0,12;0;0;0;0,39;3,9;28,5;203,4;58,2;11,1;1,74;1,44;0,06;0,7;0;0;0;0;217,8;0,36;0,42;4,83;0,27;0,48;90;0;14,4;;;;;;;;
CER52;297;Zucaritas de Kelloggs;30;5 cucharadas;108;27,15;1,5;0,09;0;0;0;0;0;0;0;1,2;29,7;109,5;18,3;2,1;1,89;1,59;0,06;0;0;0;0;0;397,2;0,39;0,45;5,28;0,07;0,54;105,9;0;15,9;;;;;;;;
CER53;298;Almojabana maiz blanco trillado y queso;40;1 unidad;108;12,04;5,2;4,92;0;0;0;0;0;0;0;128;133,2;0;0;0;0,88;0;0;0;0;0;0;0;0;0,03;0,16;0,36;0;0;0;0;0;;;;;;;;
CER54;299;Brownies preparados comercialmente;25;1 unidad;108;15,98;1,2;4,08;1,06;2,24;0,57;4,25;0;0;0,53;7,25;25,25;78;37,25;7,75;0,58;0,18;0,06;0,03;0;0;0;0;1,5;0,07;0,05;0,43;0,14;0,01;5,25;0,02;0;;;;;;;;
CER55;300;Croissants mantequilla;25;1/2 unidad pequeña;108;11,45;2,05;5,25;2,92;1,38;0,27;16,75;0;0;0,65;9,25;26,25;186;29,5;4;0,5;0,19;0,02;0,08;0;0;0;0;46,5;0,1;0,06;0,55;0,22;0,02;0,16;0,04;0;;;;;;;;
CER56;301;Croissants queso;25;1/2 unidad pequeña;108;11,75;2,3;5,23;2,66;1,63;0,6;14,25;0;0;0,65;13,25;32,5;138,75;33;6;0,55;0,24;0,03;0,09;0;0;0;0;49,25;0,13;0,08;0,55;0,21;0,02;18,5;0,08;0;;;;;;;;
CER57;302;Donas cubiertas con chocolate;25;1 unidad;108;12;1,25;7,75;2,03;4,38;0,95;15,25;0;0;0,5;8,75;50,5;107,25;49;10;0,63;0,15;0,07;0,1;0;0;0;0;2,75;0,03;0,03;0,33;0,11;0,01;7,25;0,06;0;;;;;;;;
CER58;303;Donas azucaradas o glaseadas;25;1 unidad;108;12,7;1,3;5,73;1,48;3,18;0,73;8;0;0;0,38;15;29,25;100,5;25,5;4,25;0,28;0,11;0,03;0,08;0;0;0;0;0,75;0,06;0,05;0,38;0,11;0,01;11,5;0,06;0;;;;;;;;
CER59;304;Galletas integrales;25;4 cuadritos;108;17,15;2,2;4,3;0,98;1,47;1,65;0;0;0;2,63;12,5;73,75;164,75;74,25;24,75;0,78;0,54;0,11;0,56;3,68;0,28;0;0;0;0,05;0,03;1,13;0,2;0,05;10;0;0;;;;;;;;
CER60;305;Galletas saltines y saltinas o de soda;25;6 cuadritos;108;17,88;2,3;2,95;0,73;1,61;0,42;0;0;0;0,75;29,75;26,25;325,5;32;6,75;1,35;0,19;0,05;0,18;2,93;0,39;0;0;0;0,14;0,12;1,3;0,12;0,01;31;0;0;;;;;;;;
CER61;306;Galletas saltines y saltinas o de soda sin sal;25;6 cuadritos;108;17,88;2,3;2,95;0,73;1,61;0,42;0;0;0;0,75;29,75;26,25;159;181;6,75;1,35;0,19;0,05;0,18;0;0;0;0;0;0,14;0,12;1,3;0,12;0,01;31;0;0;;;;;;;;
CER62;307;Galletas saltinas nabisco;25;6 cuadritos;108;17,78;2,73;2,55;0,46;1,46;0,43;0;0;0;0,65;48,25;24,75;317,5;24,75;5,25;1,3;0;0;0;0;0;0;0;0;0,08;0,11;1,1;0;0,01;0,21;0;0;;;;;;;;
CER63;308;Mogolla;35;1 unidad pequeña;108;20,2;3,4;1,58;0;0;0;0;0;0;0;5,25;21,7;0;0;0;1,05;0;0;0;0;0;0;0;0;0,1;0,08;0,14;0;0;0;0;0;;;;;;;;
CER64;309;Mojicon;35;1 unidad;108;22,37;2,98;0,67;0;0;0;0;0;0;0;8,75;23,1;0;0;0;0,18;0;0;0;0;0;0;0;0;0;0,03;0,14;0;0;0;0;0;;;;;;;;
CER65;310;Pan blanco;40;1 unidad;108;19,8;3,28;1,44;0,32;0,64;0,3;0,4;0;0;0,92;43,2;37,6;215,2;47,6;9,6;1,2;0,25;0,05;0,15;11,28;0,15;0;0;0;0,19;0,14;1,6;0,16;0,02;38;0,01;0;;;;;;;;
CER66;311;Plan de centeno;40;1 unidad pequeña;108;19,32;3,4;1,32;0,25;0,52;0,32;0;0;0;2,32;29,2;50;264;66,4;16;1,12;0,46;0,08;0,33;12,36;0,15;0;0;0,4;0,17;0,14;1,52;0,18;0,03;34,4;0;0;;;;;;;;
CER67;312;Pan de dulce;35;1 unidad pequeña;108;20,3;3,12;2,24;0;0;0;0;0;0;0;10,85;30,8;0;0;0;1,05;0;0;0;0;0;0;0;0;0,03;0,12;0,67;0;0;0;0;0;;;;;;;;
CER68;313;Pan de maiz y queso ;40;1 unidad;108;18,32;4,16;2,8;0;0;0;0;0;0;0;85,6;110;0;0;0;0,8;0;0;0;0;0;0;0;0;0,06;0,12;0,36;0;0;0;0;0;;;;;;;;
CER69;314;Pan de yuca bogotano;30;1 unidad pequeña;108;13,5;4,74;3,66;0;0;0;0;0;0;0;165;114;0;0;0;0,36;0;0;0;0;0;0;0;0;0,02;0,16;0,03;0;0;0;0;0;;;;;;;;
CER70;315;Pan frances;40;1 rebanadita mediana;108;20,76;3,52;1,2;0,26;0,49;0,28;0;0;0;1,2;30;42;243,6;45,2;10,8;1;0,35;0,08;0,2;12,6;0,11;0;0;0;0,21;0,13;1,88;0,16;0,02;38;0;0;;;;;;;;
CER71;316;Pan integral;45;1 unidad pequeña;108;22,95;3,65;0,9;0;0;0;0;0;0;3,11;22,5;99;237,15;122,85;35,1;2,03;0,81;0,09;0;16,47;0,38;0;0;0;0,09;0,05;0,86;0,34;0,08;26,1;0;0;;;;;;;;
CER72;317;Pan mogolla de harina de trigo de 2a y 3a;35;1 unidad;108;22,54;2,77;0,67;0;0;0;0;0;0;0;12,25;45,5;0;0;0;0,88;0;0;0;0;0;0;0;0;0,05;0,03;0,46;0;0;0;0;0;;;;;;;;
CER73;318;Pan pita o arabe sin enriquecer;40;1 unidad;108;22,28;3,64;0,48;0,07;0,04;0,22;0;0;0;0,88;34,4;38,8;214,4;48;10,4;0,56;0,34;0,07;0,19;10,84;0,02;0;0;0;0,11;0,04;0,84;0,16;0,01;9,6;0;0;;;;;;;;
CER74;319;Tostados o calados;35;2 unidades;108;19,04;3,15;1,4;0,31;0,62;0,29;0,35;0;0;0,88;41,65;36,05;207,2;45,85;9,1;1,16;0,24;0,05;0,15;10,85;0,11;0;0;0;0,15;0,12;1,37;0,1;0,02;28,35;0,01;0;;;;;;;;
CER75;320;Tostada integral;40;4 unidades;108;20,68;4,36;1,92;0,41;0,76;0,45;0;0;0;2,96;32,4;103,2;236,8;113,2;38,8;1,48;0,87;0,13;1,04;16,44;0,47;0;0;0;0,13;0,08;1,56;0,16;0,07;14;0;0;;;;;;;;
;;;;Promedio;108;21,24;3,14;1,70;0,36;0,50;0,37;1,17;0,04;0,06;1,60;22,23;76,53;78,31;63,91;21,93;1,45;0,67;0,07;0,46;4,24;0,22;1,09;2,43;44,37;0,15;0,12;1,61;0,16;0,13;27,09;0,04;1,89;;;;;;;;
PTR1;321;Papa sin cascara;120;1 unidad grande;91;21,10;1,90;0,10;0,03;0,00;0,04;0,00;0,00;0,00;1,60;2,00;28,00;6,00;543,00;21,00;1,00;0,39;0,26;0,26;0,00;0,00;0,00;0,00;0,00;0,08;0,08;0,90;0,38;0,26;13,00;0,00;16,00;Revisado;;;;;;;
PTR2;322;Arracacha amarilla cabeza sin cascara;110;1 trozo grande;91;21,69;0,81;0,09;0;0;0;0;0;0;0;25,2;63;0;0;0;0,72;0;0;0;0;0;0;0,00;20,7;0,06;0,08;4,32;0;0;0;0,00;18;;;;;;;;
PTR3;323;Batata;90;1 trozo grande;91;19,44;1,36;0,32;0,05;0,01;0,1;0;3,52;2,72;6,24;17,6;22,4;10,4;163,2;8;0,48;0,22;0,14;0,29;0,48;0,22;3,2;0,00;1604,8;0,08;0,12;0,56;0,47;0,21;11,2;0,00;18,4;;;;;;;;
PTR4;324;Name sin cascara;105;1 trozo grande;91;20,49;2,04;0,17;0,03;0,01;0,07;0;0;0;3,49;6,8;34,85;7,65;693,6;17,85;2,04;0,2;0,15;0;0,6;0,14;0;0,00;0;0,12;0,03;0,26;0,26;0,25;19,55;0,00;5,1;;;;;;;;
PTR5;325;Papa con cascara;130;1 unidad grande;91;21,23;2,09;0,11;0;0;0;0;0;0;1,76;4,4;28,6;6,6;597,3;0;1,21;0;0;0;0,33;0,07;0;0,00;0;0,09;0,1;1,1;0;0;0;0,00;22;;;;;;;;
PTR6;326;Papa criolla con cascara;135;6 unidades pequeñas;91;20,57;2,75;0,11;0;0;0;0;0;0;1,1;7,7;59,4;0;0;0;0,66;0;0;0;0;0;0;0,00;2,2;0,09;0,07;2,75;0;0;0;0,00;16,5;;;;;;;;
PTR7;327;Yuca blanca;75;1 trozo mediano;91;20,1;0,48;0,06;0;0;0;0;0;0;0;16,2;21;0;0;0;0,24;0;0;0;0;0;0;0,00;0,6;0,02;0,02;0,3;0;0;0;0,00;18;;;;;;;;
PTR8;328;Papas a la francesa congeladas sin prepar.;65;1 porcion pequeña;91;13,75;1,43;3,58;1,69;1,44;0,27;0;0;0;1,65;3,3;35,2;12,65;185,9;8,8;0,55;0,17;0,07;0,12;0,17;0,1;0;0,00;0;0,06;0,01;0,99;0,3;0,1;8,25;0,00;5,5;;;;;;;;
PTR9;329;Papa deshidratada para pure sin leche;30;2 y 1/2 cucharadas;91;20,7;2;0,15;0,04;0;0,07;0;0;0;1,73;8,75;57;34,25;165,5;24,5;0,28;0,22;0,03;0;6,58;0,07;0;0,00;0;0,17;0,03;1,5;0,09;0;10;0,00;21;;;;;;;;
PTR10;330;Coli o guineo verde pulpa;95;1 unidad grande;91;23,6;1,36;0,08;0;0;0;0;0;0;0,32;3,2;30,4;0;0;0;0,24;0;0;0;0;0;0;0,00;12,8;0,03;0,02;0,32;0;0;0;0,00;12;;;;;;;;
PTR11;331;Dominico verde pulpa;80;1/2 unidad;91;24,31;0,78;0,07;0;0;0;0;0;0;0,46;3,25;20,15;0;0;0;0,33;0;0;0;0;0;0;0,00;65;0,05;0,02;0,39;0;0;0;0,00;13;;;;;;;;
PTR12;332;Harton verde pulpa;75;1/2 unidad pequeña;91;24,57;0,78;0,13;0;0;0;0;0;0;1,5;2,6;25,35;2,6;324,35;24,05;0,33;0,09;0,05;0;0,98;0,18;0;0,00;68,9;0,04;0,03;0,33;0,17;0,2;14,3;0,00;13;;;;;;;;
PTR13;333;Harton maduro pulpa;80;5 tajadas pequeñas;91;23,6;0,72;0,13;0;0;0;0;0;0;1,5;3,25;19,5;0;0;0;0,33;0;0;0;0;0;0;0,00;35,1;0,05;0,02;0,33;0;0;0;0,00;9,75;;;;;;;;
PTR14;334;Platano popocho verde;85;1 unidad;91;23,72;0,85;0,17;0;0;0;0;0;0;0,85;5,1;34;0;0;0;0,34;0;0;0;0;0;0;0,00;11,9;0,03;0,03;0,43;0;0;0;0,00;17;;;;;;;;
PTR15;335;Harina de platano casera;30;3 cucharadas;91;21,88;0,93;0,05;0;0;0;0;0;0;0;2,5;17,5;0;0;0;0,3;0;0;0;0;0;0;0,00;7,5;0,02;0,01;0,25;0;0;0;0;1,25;;;;;;;;
;;;;Promedio;91;21,38;1,35;0,35;0,12;0,10;0,04;0,00;0,23;0,18;1,48;7,46;33,09;5,34;178,19;6,95;0,60;0,09;0,05;0,04;0,61;0,05;0,21;0,00;121,97;0,07;0,04;0,98;0,11;0,07;5,09;0,00;13,77;;;;;;;;
GR1;336;Aceite de maiz;5;1 cucharadita;45;0;0;5;0,64;1,21;2,94;0;0;0;0;0;0;0;0;0;0;0;0;0;0;0;0,25;0;0;0;0;0;0;0;0;0;0;Aprobado;;;;;;;
GR2;337;Aceite de ajonjoli;5;1 cucharadita;45;0;0;5;0,71;1,99;2,09;0;0;0;0;0;0;0;0;0;0;0;0;0;0;0;0,6;0;0;0;0;0;0;0;0;0;0;;;;;;;;
GR3;338;Aceite de cartamo;5;1 cucharadita;45;0;0;5;0,46;0,61;3,73;0;0;0;0;0;0;0;0;0;0;0;0;0;0;0;0,35;0;0;0;0;0;0;0;0;0;0;;;;;;;;
GR4;339;Aceite de girasol;5;1 cucharadita;45;0;0;5;0,52;0,98;3,29;0;0;0;0;0;0;0;0;0;0;0;0;0;0;0;0;0;0;0;0;0;0;0;0;0;0;;;;;;;;
GR5;340;Aceite de mani;5;1 cucharadita;45;0;0;5;0,85;2,31;1,6;0;0;0;0;0;0;0;0;0;0;0;0;0;0;0;0,1;0;0;0;0;0;0;0;0;0;0;;;;;;;;
GR6;341;Aceite de oliva;5;1 cucharadita;45;0;0;5;0,68;3,69;0,42;0;0;0;0;0;0;0;0;0;0,02;0;0;0;0;0;2,9;0;0;0;0;0;0;0;0;0;0;;;;;;;;
GR7;342;Aceite de palma(pulpa o mesocarpio);5;1 cucharadita;45;0;0;5;2,47;1,85;0,47;0;0;0;0;0;0;0;0;0;0;0;0;0;0;0;0,4;0;0;0;0;0;0;0;0;0;0;;;;;;;;
GR8;343;Aceite semilla de palma (der del endocarpio);5;1 cucharadita;45;0;0;5;4,07;0,57;0,08;0;0;0;0;0;0;0;0;0;0;0;0;0;0;0;0;0;0;0;0;0;0;0;0;0;0;;;;;;;;
GR9;344;Aceite de soya;5;1 cucharadita;45;0;0;5;0,72;1,17;2,9;0;0;0;0;0;0;0;0;0;0;0;0;0;0;0;10;0;0;0;0;0;0;0;0;0;0;;;;;;;;
GR10;345;Aguacate pulpa;30;1 tajada delgada;45;2,22;0,6;4,59;0,73;2,88;0,59;0;0;0;1,17;3,3;12,3;3;179,7;11,7;0,3;0,13;0,08;0,07;0;0;0;0;18,3;0,03;0,04;0,57;0,29;0,08;18,6;0;0;;;;;;;;
GR11;346;Crema de leche liquida espesa;15;3 cucharaditas;45;0,42;0,32;5,55;3,45;1,6;0,22;20,55;0;0;0;9,75;9,3;5,7;11,25;1,05;0;0,03;0;0;0,08;0,09;0,2;7,8;63,15;0;0,02;0;0,04;0;0,6;0,03;0;;;;;;;;
GR12;347;Mantequilla con sal;5;1 cucharadita;45;0,01;0,05;4,06;2,52;1,17;0,15;10,95;0;0;0;1,2;1,15;41,3;1,3;0,1;0,01;0;0;0;0,05;79;0;2,8;37,7;0;0;0;0;0;0,15;0;0;;;;;;;;
GR13;348;Margarina durra en barra sin sal;5;1 cucharadita;45;0,03;0,03;4,02;0,75;1,84;1,25;0;0;0;0;0,85;0,65;0,1;1,25;0,1;0;0;0;0;0;0;0;0;49,65;0;0;0;0;0;0,05;0;0;;;;;;;;
GR14;349;Margarina durra en barra con sal;5;1 cucharadita;45;0,05;0,05;4,03;0,79;1,79;1,27;0;0;0;0;1,5;1,15;47,15;2,1;0,15;0,01;0;0;0;0;640;0;0;49,65;0;0;0;0;0;0,05;0,01;0;;;;;;;;
GR15;350;Margarina suave en pote sin sal;5;1 cucharadita;45;0,05;0,04;4,02;0,69;1,87;1,29;0;0;0;0;1,35;1;1,4;1,9;0,1;0;0;0;0;0;435;0;0;49,65;0;0;0;0;0;0,05;0;0;;;;;;;;
GR16;351;Margarina suave en pote con sal;5;1 cucharadita;45;0,03;0,04;4,02;0,69;1,43;1,73;0;0;0;0;1,35;1;53,95;1,9;0,1;0;0;0;0;0;0;0;0;49,65;0;0;0;0;0;0,05;0;0;;;;;;;;
GR17;352;Mayonesa comercial(aceite de soya);5;1 cucharadita;45;0,14;0,06;3,97;0,59;1,14;2,07;2,95;0;0;0;0,9;1,4;28,4;1,7;0;0,03;0,01;0;0;0,09;589,5;0;0;0;0;0;0;0;0;0,65;0,02;0;;;;;;;;
GR18;353;Tocineta;10;2 tiras delgadas;45;0,01;0,87;5,75;2,13;2,63;0,68;6,7;0;0;0;0,7;14,2;68,5;13,9;0,9;0,06;0,12;0,01;0;2,5;0,05;0;0;0;0,04;0,01;0,28;0,04;0;0;0;0;;;;;;;;
GR19;354;Tocino de cerdo crudo;5;1 rebanada  ;45;0;0,24;3,84;1,4;1,79;0,41;4,65;0;0;0;0,15;2,75;0,9;4,7;0,1;0,02;0,03;0;0;0;0;0;0;0,15;0,01;0;0,08;0,01;0;0;0;0;;;;;;;;
GR20;355;Mantequilla de mani suave con sal;10;1 cucharadita;45;1,93;2,52;5,1;1,03;2,43;1,38;0;0;0;0;3,8;36,9;46,7;66,9;15,9;0,18;0,29;0,01;0,05;0;1;0,01;0;0;0,01;0,01;1,34;0,08;0,05;7,4;0;0;;;;;;;;
GR21;356;Mantequilla de manii gruesa con sal;10;1 cucharadita;45;2,16;2,41;4,99;0,96;2,36;1,42;0;0;0;0;4,1;31,7;48,6;74,7;15,9;0,19;0,28;0,05;0,19;0;0;0;0;0;0,01;0,01;1,37;0,1;0,05;9,2;0;0;;;;;;;;
;;;;Promedio;45;0,34;0,34;4,71;1,28;1,78;1,43;2,18;0,00;0,00;0,06;1,38;5,40;16,46;17,20;2,20;0,04;0,04;0,01;0,01;0,13;83,08;0,71;0,50;15,14;0,00;0,00;0,17;0,03;0,01;1,75;0,00;0,00;;;;;;;;
EDU1;357;Azucar en polvo;20;2 cucharadas soperas  ;80;19,9;0;0,02;0;0,01;0;0;0;0;0;0,2;0,4;0,2;0,4;0;0,02;0,01;0,01;0;0,12;0;0;0;0;0;0;0;0;0;0;0;0;Revisado;;;;;;;
EDU2;358;Azucar granulada;20;2 cucharadas soperas;80;19,98;0;0;0;0;0;0;0;0;0;0,2;0,4;0,2;0,4;0;0,02;0,01;0,01;0;0,12;0;0;0;0;0;0;0;0;0;0;0;0;;;;;;;;
EDU3;359;Azucar morena;20;2 cucharadas soperas;80;19,28;0;0;0;0;0;0;0;0;0;17;3,8;6;68,8;0;0,68;0;0,08;0;0,24;0;0;0;0;0;0,01;0,04;0;0;0;0;0;;;;;;;;
EDU4;360;Miel de abejas;25;2 cucharadas soperas;80;19,95;0,15;0,05;0;0;0;0;0;0;0;6,25;2,5;1,25;12,75;0,75;0,2;0,02;0,01;0;0,2;0;0;0;0;0;0,01;0,08;0,05;0,01;0,75;0;0;;;;;;;;
EDU5;361;Panela;25;2 cucharadas soperas;80;21,5;0,13;0,25;0;0;0;0;0;0;0;33,5;15;20,5;41,75;22;0,6;0,7;0;0;0;0;0;0;0;0,01;0,02;0,08;0;0;0;0;0,75;;;;;;;;
;;;;Promedio;80;20,12;0,06;0,06;0,00;0,00;0,00;0,00;0,00;0,00;0,00;11,43;4,42;5,63;24,82;4,55;0,30;0,15;0,02;0,00;0,14;0,00;0,00;0,00;0,00;0,00;0,01;0,04;0,01;0,00;0,15;0,00;0,15;;;;;;;;
DUL1;362;Bocadillo de guayaba y azucar;30;1 unidad;92;23,7;0,09;0,03;0;0;0;0;0;0;0;7,5;5,1;0;0;0;0,36;0;0;0;0;0;0;0;1,2;0,01;0,01;0,3;0;0;0;0;24;Aprobado;;;;;;;
DUL2;363;Gelatina saborizada con azucar;25;5 cucharadas;92;22,18;2,35;0;0;0;0;0;0;0;0;0;0;79,5;0;8,25;0;0;0,28;0;0;0;0;0;0;0;0;0;0;0;0;0;0;;;;;;;;
DUL3;364;Gelatina sin sabor;25;5 cucharadas;92;0;2,13;0,03;0,02;0,02;0;0;0;0;0;13,75;9,75;49;4;5,5;0,28;0,04;0,54;0,03;9,88;0;0;0;0;0,01;0,06;0,03;0,03;0;7,5;0;0;;;;;;;;
DUL4;365;Gelatina endulzada apartame;25;5 cucharadas;92;8,33;1,38;0;0;0;0;0;0;0;0;0,5;32,25;541,25;3,5;0,25;0;0,02;0,26;0,01;0;0;0;0;0;0;0,03;0;0,02;0,01;3,5;0;0;;;;;;;;
DUL5;366;Caramelos;25;5 cucharadas;92;19,25;1,15;2,03;1,65;2,21;0,05;1,75;0;0;0;34,5;28,5;61,25;0,54;4,25;0,03;0,11;0,01;0;0,45;0,12;0;0;2;0;0,01;0,08;0,15;0,01;1,25;0;0,25;;;;;;;;
DUL6;367;Cocoa baja en grasa;50;5 cucharadas;92;29;10,1;3,95;0;0;0;0;0;0;0;76,5;376;3;761;210;5,35;2,8;1,8;0;0;0;0;0;0,5;0,06;0,23;1,2;0;0;0;0;0;;;;;;;;
DUL7;368;Chocolatina;20;1 barra pequeña;92;11,38;1,54;6,46;0;0;0;0;0;0;0;45,6;46,2;18,8;76,8;11,6;0,22;0,1;0,1;0;0;0;0;0;0;0,01;0,07;0,06;0,02;0;1,4;0;0;;;;;;;;
DUL8;369;Chocolatina con almendras;25;1 barra pequeña;92;7,7;1,4;5,34;0;0;0;0;0;0;0;34,35;40,8;12;66,3;0;0,24;0;0;0;0,6;283,5;0;0;0;0,01;0,06;0,12;0;0;0;0;0;;;;;;;;
DUL9;370;Chocolatina con mani;20;1 barra pequeña;92;6,69;2,12;5,72;0;0;0;0;0;0;0;26,1;44,1;9,9;73,05;0;0,21;0;0;0;0;0;0;0;0;0,04;0,04;0,75;0;0;0;0;0;;;;;;;;
DUL10;371;Chocolatina con leche;15;1/2 barra pequeña;92;11,82;1,38;6,14;3,7;1,99;0,21;4,4;0;0;0;38,2;0,43;16,4;77;12;0,28;0,28;0,08;0,06;0;0;0;0;11;0,16;0,06;0,06;0,08;0,01;1,6;0;0;;;;;;;;
DUL11;372;Chocolatina con cereal de arroz;20;1/2 barra pequeña;92;12,68;1,26;5,3;3,18;1,73;0,16;0;0;0;0;34,2;38,6;29;68,6;9,8;0,16;22,4;0,06;0,06;1,1;217,4;0;0;2;0,01;0,06;0,1;0,12;0,01;1,8;0;0;;;;;;;;
DUL12;373;Ciruelas pasas;20;4 unidades;92;25,08;1,04;0,2;0,02;0,14;0;0;0;0;0;20,4;31,6;1,6;298;18;1;0,21;0,17;0,09;0;0;0;0;79,6;0,03;0,06;0,8;0,18;0,1;1,6;0;1,2;;;;;;;;
DUL13;374;Cocadas de panela;25;1 unidad;92;20,48;0,4;2,05;0;0;0;0;0;0;0;1,75;19,5;0;0;0;0,63;0;0;0;0;0;0;0;0;0,01;0,02;0,1;0;0;0;0;0;;;;;;;;
DUL14;375;Cucas;40;2 unidades;92;20,48;2,08;0,75;0;0;0;0;0;0;0;2;13,5;0;0;0;0,1;0;0;0;0;0;0;0;0;0,01;0,01;0,08;0;0;0;0;0;;;;;;;;
DUL15;376;Flan de caramelo;25;2 cucharadas;92;22,9;0;0;0;0;0;0;0;0;0;6;0,25;108;38,25;0;0,03;0,01;0,01;0;0,2;0,02;0;0;0;0;0;0;0;0;0;0;0;;;;;;;;
DUL16;377;Galletas wafers;25;4 unidades;92;13,56;1,2;3,9;0;0;0;0;0;0;0;25;10;50,4;14,4;0;0,46;0;0;0;1,14;313;0;0;0;0,03;0,03;0,36;0;0;0;0;4,4;;;;;;;;
DUL17;378;Gelatina de pata;20;1 unidad;92;21,78;2,49;0;0;0;0;0;0;0;0;19,8;8,7;0;0;0;1,2;0;0;0;0;0;0;0;0;0,01;0,01;0;0;0;0;0;0;;;;;;;;
DUL18;379;Helado de agua;20;1 unidad;92;23,98;0;0;0;0;0;0;0;0;0;0;0;0;0;0;0,22;0;0;0;0;0;0;0;0;0;0;0;0;0;0;0;0;;;;;;;;
DUL19;380;Helado de vainilla suave;30;1/2 vaso pequeño;92;14,04;2,28;3,54;2,06;1,06;0,21;16,2;0;0;0;89,4;81;53,4;98,4;9;0,12;0,33;0,01;0,01;1,56;0;0;4,8;30;0,03;0,15;0,18;0,16;0,04;3;0,12;0,6;;;;;;;;
DUL20;381;Jalea de fruta;35;1/2 vaso pequeño;92;24,78;0,14;0,04;0,01;0,01;0,02;0;0;0;0;2,8;1,75;12,6;22,4;2,1;0,07;0,01;0,01;0,05;0,7;0;0;0;0,7;0;0,01;0;0,07;0,01;0;0;0,35;;;;;;;;
DUL21;382;Leche condensada;60;3 cucharadas;92;16,44;2,43;2,52;1,65;0,73;0,1;10,2;0;0;0;81;69;38,1;111,3;7,8;0,06;0,28;0;0;0;0;0;0;28,8;0,02;0,12;0,06;0,23;0,02;3,3;0,13;0,3;;;;;;;;
DUL22;383;Manjar blanco comercial;35;2 cucharadas;92;22,71;1,83;0,09;0;0;0;0;0;0;0;57;57,3;0;0;0;0,12;0;0;0;0;0;0;0;0,6;0,01;0,09;0,66;0;0;0;0;0;;;;;;;;
DUL23;384;Mantecada;30;1 tajada delgada;92;14;1,98;4,08;0;0;0;0;0;0;0;22;10,25;0;0;0;0,38;0;0;0;0;0;0;0;1;0,01;0,03;0,13;0;0;0;0;0;;;;;;;;
DUL24;385;Masmelos;30;6 unidades;92;24,12;0,6;0;0;0;0;0;0;0;0;5,4;1,8;11,7;1,8;1,2;0,48;0,01;0,06;0;0,57;0;0;0;0;0;0;0;0;0;0;0;0;;;;;;;;
DUL25;386;Mermelada;25;1 unidad;92;24,68;0,18;0,11;0;0;0;0;0;0;0;4,2;4,2;4,9;11,55;0;0,11;0;0;0;0,7;0;0;0;0,01;0,01;0,07;0;0;0;0;0;0;;;;;;;;
DUL26;387;Panelitas de leche de vaca;30;1 unidad;92;20,75;0,73;0,45;0;0;0;0;0;0;0;33,5;20;0;0;0;0,2;0;0;0;0;0;0;0;1,5;0;0,06;0;0;0;0;0;0;;;;;;;;
DUL27;388;Ponque;35;1 tajada delgada;92;11,08;1,33;4,83;0;0;0;0;0;0;0;22,75;28;0;0;0;0,28;0;0;0;0;0;0;0;1;0,02;0,02;0,05;0;0;0;0;0;;;;;;;;
DUL28;389;Uvas pasas sin semilla;25;2 cucharadas;92;23,73;0,96;0,15;0,05;0,01;0,04;0;0;0;0;14,7;29,1;3,6;225,3;9,9;0,63;0,08;0,09;0,09;0;0;0;0;0,3;0,05;0,03;0,24;0,02;0,08;0,9;0;0,9;;;;;;;;
;;;;Promedio;92;17,76;1,59;2,06;0,44;0,28;0,03;1,16;0,00;0,00;0,00;25,68;35,99;39,44;69,72;11,06;0,47;0,95;0,12;0,01;0,60;29,07;0,00;0,17;5,72;0,02;0,05;0,19;0,04;0,01;0,92;0,01;1,14;;;;;;;;
BE1;390;Café infusion;120;4 onzas;2;0,48;0;0;0;0;0;0;0;0;0;2,4;1,2;2,4;64,8;6;0;0,02;0,01;0,04;0,12;0;0;0;0;0;0;0;0;0;0;0;0;Aprobado;;;;;;;
BE2;391;Gaseosa tipo cola;180;6 onzas;74;18,72;0;0;0;0;0;0;0;0;0;5,4;21,6;7,2;1,8;1,8;0;0,02;0,02;0,07;0;0;0;0;0;0;0;0;0;0;0;0;0;;;;;;;;
BE3;392;Café instantaneo en polvo;5;1 cucharadita;12;2,06;0,61;0,03;0,01;0;0,01;0;0;0;0;7,05;15,15;1,85;176,75;16,35;0,22;0,02;0,01;0,09;0,63;0;0;0;0;0;0;1,41;0,01;0;0;0;0;;;;;;;;
BE4;393;Café instantaneo sin cafeina en polvo;5;1 cucharadita;11;2,13;0,58;0,01;0,01;0;0,01;0;0;0;0;7;14,3;1,15;175,05;15,55;0,19;0,01;0;0,06;0,6;0;0;0;0;0;0;1,41;0,01;0;0;0;0;;;;;;;;
BE5;394;Café descafeinado infusion;120;4 onzas;2;0,48;0;0;0;0;0;0;0;0;0;2,4;1,2;2,4;64,8;6;0,18;0,02;0,01;0,04;0,12;0;0;0;0;0;0;0;0;0;0;0;0;;;;;;;;
BE6;395;Gaseosa azucarada;180;6 onzas;88;19,62;0;0;0;0;0;0;0;0;0;0;0;0;0;0;0,18;0;0;0;0;0;0,02;0;0;0;0;0;0;0;0;0;0;;;;;;;;
BE7;396;Gaseosa tipo cola aspartame con cafeina;180;6 onzas;2;0,18;0,18;0;0;0;0;0;0;0;0;7,2;16,2;10,8;0;1,8;0;0,14;0,02;0,07;0,18;0;0;0;0;0;0;0;0;0;0;0;0;;;;;;;;
BE8;397;Gaseosa con aspartame sin cafeina;180;6 onzas;0;0;0;0;0;0;0;0;0;0;0;0;0;0;0;0;0;0;0;0;0;0;0;0;0;0;0;0;0;0;0;0;0;;;;;;;;
BE9;398;Bebida de sabor a limon en polvo con ac. ascorbico;180;6 onzas;697;177,84;0,18;0,36;0,29;0,04;0,05;0;0;0;0;149,4;16,2;75,6;5,4;1,8;0,18;0,09;0,09;0;0;0;0;0;0;0;0,02;0;0;0;0;0;210,6;;;;;;;;
BE10;399;Bebida de sabor a naranja en polvo con ac. Ascorbico;180;6 onzas;659;179,1;0;0;0;0;0;0;0;0;0;664,2;304,2;14,4;342;0;0,18;0,07;0,02;0,09;0;0;0;0;0;0;1,22;14,4;0;1,44;0;0;432;;;;;;;;
BE11;400;Malta;200;7 onzas;120;26,8;0,6;0,2;0,04;0,04;0,12;0;0;0;0;10;44;26;16;14;0;0,04;0,02;0,02;0;0;0;0;0;0;0,1;2,2;0,08;0,06;28;0,04;2;;;;;;;;
BE12;401;Nectar de durazno;250;8 onzas;135;34,75;0,75;0;0;0,03;0,03;0;0;0;0;12,5;15;17,5;100;10;0,5;0,2;0,18;0,05;0;0;0;0;65;0,04;0,03;0,75;0;0;0;0;12,5;;;;;;;;
BE13;402;Nectar de pera;250;8 onzas;150;39,5;0,25;0;0;0;0;0;0;0;0;12,5;7,5;10;32,5;7,5;0,75;0,18;0,18;0,08;0;0;0;0;0;0;0,03;0,25;0;0;0;0;2,5;;;;;;;;
BE14;403;Pony malta;180;6 onzas;83;19,44;0,54;0;0;0;0;0;0;0;0;0;28,8;0;0;0;2,52;0;0;0;0;0;0;0;0;0;0,99;2,52;0;0;0;0;0;;;;;;;;
BE15;404;Te instantaneo en polvo sabor limon sin azucar;5;1 cucharadita;19;4,88;0,03;0,02;0;0;0;0;0;0;0;0,15;0,7;0,25;0,11;0,55;0,01;0,01;0;0,15;0,04;0;0;0;0;0,68;0,01;0,02;0,01;0;2,15;0;0;;;;;;;;
BE16;405;Te instantaneo en polvo ;5;1 cucharadita;13;2,85;0,59;0,02;0;0;0,01;0;0;0;0;2,75;22,1;6,5;329,8;18,15;0,2;0,16;0,04;3,7;0,27;0;0;0;0;0;0,03;0,63;0,18;0,04;5,15;0;0;;;;;;;;
BE17;406;Te infusion;180;6 onzas;2;0,54;0;0;0;0;0;0;0;0;0;0;1,8;5,4;66,6;5,4;0;0,04;0,02;0,4;0;0;0;0;0;0;0,02;0;0,02;0;9;0;0;;;;;;;;
BE18;407;Chocolate con azucar pastilla;20;1 pastilla;88;14,82;0,76;3,36;0;0;0;0;0;0;0;9,2;30;0;0;0;0,56;0;0;0;0;0;0,09;0;0,4;0;0,02;0,1;0;0;0;0;0;;;;;;;;
BE19;408;Chocolate amargo en pastilla;20;1 pastilla;91;13,92;0,8;4,1;0;0;0;0;0;0;3,08;19,6;30;0,8;166;58,4;0,8;0,46;0,54;0;1,5;246;0;0;0,4;0,01;0,02;0,12;0,04;0,01;2,8;0;0;;;;;;;;
BE20;409;Chocolate bolas con panela;20;1 pastilla;79;15,16;0,84;2,04;0;0;0;0;0;0;0;7,4;21,2;0;0;0;0,8;0;0;0;0;0;0;0;0;0,01;0,09;0,44;0;0;0;0;0;;;;;;;;
BE21;410;Cocoa  ;5;n.n;11;2,72;0,98;0,69;0,4;0,23;0,02;0;0;0;1,66;6,4;36,7;1,05;76,2;24,95;0,7;0,34;0,19;0,19;0,72;0;0;0;0,1;0;0,01;0,11;0,01;0,01;1,6;0;0;;;;;;;;
;;;;Promedio;111;27,43;0,37;0,52;0,04;0,02;0,01;0,00;0,00;0,00;0,23;44,07;29,90;8,73;77,04;8,96;0,38;0,09;0,06;0,24;0,20;11,71;0,01;0,00;3,14;0,04;0,12;1,16;0,02;0,07;2,32;0,00;31,41;;;;;;;;
ALC1;411;Cerveza 4% alcohol;300;1 lata o botella;141;13,8;0,6;0;0;0;0;0;0;0;0;0;45;15;75;18;0,3;0,06;0,03;0,03;3,6;0;0;0;0;0;0,06;1,2;0,18;0,15;18;0,06;0;Aprobado;;;;;;;
ALC2;412;Vino de mesa blanco 9.3 alcohol;60;2 onzas;54;0,48;0,06;0;0;0;0;0;0;0;0;5,4;8,4;3;48;6;0,18;0,04;0,01;0,28;0,12;0;0;0;0;0;0,01;0,06;0,01;0,01;0;0;0;;;;;;;;
ALC3;413;Vino de mesa rojo 9.35% alcohol;60;2 onzas;53;1,02;0,12;0;0;0;0;0;0;0;0;10,8;8,4;3;67,2;7,8;0,24;0,05;0,01;0,36;0,12;0;0;0;0;0,01;0,02;0,06;0,02;0,02;1,2;0,01;0;;;;;;;;
ALC4;414;Vino de mesa rosado 9.3% alcohol;60;2 onzas;53;0,84;0,12;0;0;0;0;0;0;0;0;4,8;9;3;59,4;6;0,24;0,04;0,02;0,07;0,12;0;0;0;0;0;0;0,06;0,02;0,01;0,6;0,01;0;;;;;;;;
;;;;Promedio;75;4,04;0,23;0,00;0,00;0,00;0,00;0,00;0,00;0,00;0,00;5,25;17,70;6,00;62,40;9,45;0,24;0,05;0,02;0,19;0,99;0,00;0,00;0,00;0,00;0,00;0,02;0,35;0,06;0,05;4,95;0,02;0,00;;;;;;;;
CAL1;415;Caldo de res en cubo;5;1/2 unidad;9;0,81;0,87;0,2;0,1;0,08;0,01;0,2;0;0;0;0;11,25;1200;20,15;2,5;0,11;0,01;0;0,02;0;0;0;0;0;0,01;0,01;0,17;0;0;0;0;0;Aprobado;;;;;;;
CAL2;416;Caldo de gallina en cubo;5;1/2 unidad;10;1,18;0,73;0,24;0,06;0,1;0,08;0,65;0;0;0;0;9,55;1200;18,7;2,8;0,1;0,01;0;0,02;0;0;0;0;0;0,01;0,02;0,2;0;0;0;0;0;;;;;;;;
;;;;Promedio;10;1,00;0,80;0,22;0,08;0,09;0,05;0,43;0,00;0,00;0,00;0,00;10,40;1200,00;19,43;2,65;0,11;0,01;0,00;0,02;0,00;0,00;0,00;0,00;0,00;0,01;0,02;0,19;0,00;0,00;0,00;0,00;0,00;;;;;;;;
CREM1;417;Crema de pollo deshidratada;10;1 cucharada sopera rasa;44;5,43;0,73;2,17;1,38;0,47;0,17;1,2;0;0;0,18;31;39;482;87,6;0;0;0;0;0;0;0,06;0;0;0;0;0,08;0;0;0;0;0;0;Aprobado;;;;;;;
CREM2;418;Crema de apio deshidratada;10;1 cucharada sopera rasa;44;6,71;1,8;1,12;0,17;0,48;0,42;0,36;0;0;0,32;0;0;577,2;0;0;0;0;0;0;0;0;0;0;0;0;0;0;0;0;0;0;0;;;;;;;;
CREM3;419;Crema de cebolla deshidratada;10;1 cucharada sopera rasa;44;8,03;1,74;0,9;0,21;0,52;0,1;0,75;0;0;1,56;21,15;48,6;1343,55;100,5;9,6;0,23;0,09;0,02;0,1;3,71;0,16;0;0;0,3;0,04;0,09;0,77;0;0;2,4;0;0,3;;;;;;;;
CREM4;420;Crema de coliflor deshidratada;10;1 cucharada sopera rasa;44;6,79;1,84;1,09;0,16;0,47;0,41;0,24;0;0;0;0;0;534;0;0;0;0;0;0;0;0;0;0;0;0;0;0;0;0;0;0;0;;;;;;;;
CREM5;421; Crema de esparragos deshidratada;10;1 cucharada sopera rasa;44;6,7;1,66;1,3;0,19;0,56;0,49;0,12;0;0;0,29;0;0;597,6;0;0;0;0;0;0;0;0;0;0;0;0;0;0;0;0;0;0;0;;;;;;;;
CREM6;422;Crema de hongos deshidratada;10;1 cucharada sopera rasa;44;5,12;1,02;2,23;0,38;1,03;0,72;0,2;0;0;0,35;30,6;35,4;468,1;91,5;0;0;0,04;0,01;0;0;0;0;0;0,3;0,13;0,05;0,23;0,11;0;0;0;0;;;;;;;;
CREM7;423;Crema de tomate deshidratada;10;1 cucharada sopera rasa;44;8,2;1,03;1,01;0,46;0,38;0,1;0,36;0;0;0,23;22,8;28,08;398,28;124,68;6,12;0,18;0,09;0,04;0;0;0,36;0;0;35,16;0,03;0,02;0,34;0;0,04;2,88;0;1,92;;;;;;;;
CREM8;424;Crema de vegetales deshidratada;10;1 cucharada sopera rasa;44;5,21;0,8;2,41;0,6;1,07;0,63;0,2;0;0;0,3;0;22,8;495,7;40,8;0;0;0;0;0;2,07;0,52;0;0;1,5;0,52;0,05;0,22;0;0;0;0;1,7;;;;;;;;
CREM9;425;Sopa de minestrones deshidratada;10;1 cucharada sopera rasa;44;6,43;2,4;0,94;0,44;0,4;0,05;0,96;0;0;0,43;0;0;554,4;0;0;0;0;0;0;0;0;0;0;0;0;0;0;0;0;0;0;0;;;;;;;;
CREM10;426;Sopa de pollo con arroz deshidatada;10;1 cucharada sopera rasa;44;6,85;1,81;1,07;0,24;0,47;0,31;2,16;0;0;0,22;5,4;8,28;725,76;8,52;0;0,07;0,1;0,05;0,14;0;0,03;0;0;4,8;0;0;0,28;0,06;0,01;0,36;0,06;0;;;;;;;;
CREM11;427;Sopa de pollo con verduras deshidratada;10;1 cucharada sopera rasa;44;7,15;2,47;0,73;0,16;0,28;0,14;2,6;0;0;0,39;12,74;29,77;740,74;62,79;19,63;0,53;0,19;0,02;0,2;0;0;0;0;1,3;0,07;0,04;0,62;0,13;0,08;3,64;0,09;1,17;;;;;;;;
CREM12;428;Sopa de pollo con pastas deshidratada;10;1 cucharada sopera rasa;44;6,29;2,5;1;0,22;0,44;0,29;1,82;0;0;0,39;26,91;27,56;1090,83;26,65;5,85;0,43;0,17;0,03;0,07;8,22;0,03;0;0;5,33;0,06;0,05;0,75;0,01;0,07;15,86;0;0,26;;;;;;;;
447;;;;Promedio;44;6,58;1,65;1,33;0,38;0,55;0,32;0,91;0,00;0,00;0,39;12,55;19,96;667,35;45,25;3,43;0,12;0,06;0,01;0,04;1,17;0,10;0,00;0,00;4,06;0,07;0,03;0,27;0,03;0,02;2,10;0,01;0,45;;;;;;;;
SAL1;429;Salsa de tomate;5;1 cucharadita;2;0,36;0,07;0,01;0;0;0;0;0;0;0;0,7;1,6;30,25;18,55;0,95;0,04;0,01;0,01;0;0;0;0;0;4,9;0;0;0,06;0,02;0;0;0;0,65;Aprobado;;;;;;;
SAL2;430;Salsa barbecue lista para servir;2;1/2 cucharadita;2;0,26;0,04;0,04;0,04;0,01;0,02;0;0;0;0;0,38;0,4;16,3;3,48;0;0,02;0;0;0;0;0;0;0;1,74;0;0;0,02;0;0;0;0;0,14;;;;;;;;
SAL3;431;Pasta de tomate;2;1/2 cucharadita;2;0,38;0,08;0,02;0;0;0,01;0;0;0;0,08;0,7;1,58;15,8;18,64;1,02;0,06;0,02;0,01;0;0;0;0;0;4,94;0;0;0,06;0,02;0,01;0;0;0,84;;;;;;;;
SAL4;432;Salsa de soya (soya y trigo);3;1 cucharadita bajita;2;0,26;0,16;0;0;0;0;0;0;0;0;0,51;3,3;171,45;5,4;1,02;0,06;0,01;0;0;0;0;0;0;0;0;0;0,1;0,01;0,01;0,48;0;0;;;;;;;;
SAL5;433;Salsa de soya (hidrolizado de proteina vegetal);4;1 cucharadita bajita;2;0,27;0,08;0;0;0;0;0;0;0;0;0,18;3,26;199,12;5,32;0,21;0,05;0,01;0;0;0;0;0;0;0;0;0;0,1;0,01;0;0,46;0;0;;;;;;;;
SAL6;434;Salsa de tomate baja en sodio;5;1 cucharadita;2;1,37;0,08;0,02;0;0;0,01;0;0;0;0;0,95;1,95;1;24,05;1,1;0,04;0,01;0,01;0,01;0;0;0;0;5,1;0;0;0,07;0,01;0,01;0,75;0;0,75;;;;;;;;
;;;;Promedio;2;0,48;0,09;0,02;0,01;0,00;0,01;0,00;0,00;0,00;0,01;0,57;2,02;72,32;12,57;0,72;0,05;0,01;0,01;0,00;0,00;0,00;0,00;0,00;2,78;0,00;0,00;0,07;0,01;0,01;0,28;0,00;0,40;;;;;;;;
CR1;435;Perro caliente;150;1 unidad pequeña;494;27,6;15,9;22,2;7,82;10,49;2,61;67,5;0;0;0;36;148,5;1026;219;19,5;3,6;3,03;0,12;0,14;0;0;0;0;0;0,36;0,42;5,55;0,78;0,08;45;0,78;0;Aprobado;;;;;;;
CR2;436;Burritos;240;1/2 unidad;494;78,96;15,6;14,88;7,61;5,23;1,32;4,8;0;0;0;124,8;108;1089,6;722,4;96;5,04;1,68;0,41;0,96;0;0;0;0;36;0,62;0,67;4,56;2,21;0,34;96;1,2;2,4;;;;;;;;
CR3;437;Burritos con frijoles y queso;245;1/2 unidad;494;72,52;19,85;15,44;9,02;3,28;2,35;36,75;0;0;0;281,75;237,65;1536,15;654,15;105,35;2,94;2,16;0,47;0,56;0;0;0;0;313,6;0,29;0,93;4,66;2,11;0,32;98;1,18;2,45;;;;;;;;
CR4;438;Burritos con frijoles y chile;245;1/2 unidad;494;69,83;19,6;17,64;9,14;6,44;1,15;39,2;0;0;0;120,05;137,2;1254,4;695,8;85,75;5,39;4,09;0,39;0,93;0;0;0;0;24,5;0,54;0,86;5,39;2,25;0,34;115,15;1,4;2,45;;;;;;;;
CR5;439;Burritos con frijoles y carne;225;1/2 unidad;494;64,35;21,83;17,33;8,1;6,84;1,19;47,25;0;0;0;103,5;137,25;1300,5;639;81;4,73;3,74;0,36;0,81;0;0;0;0;63;0,52;0,81;5,18;2,18;0,36;112,5;1,69;2,25;;;;;;;;
CR6;440;Burritos con queso y carne;305;3/4 unidad;494;59,78;21,96;20,13;10,74;6,71;1,53;186,05;0;0;0;195,2;210,45;1488,4;616,1;76,25;5,49;3,54;0,49;0,61;0;0;0;0;225,7;0,46;1,07;5,8;2,5;0,34;112,85;1,65;9,15;;;;;;;;
CR7;441;Hamburguesa mediana(carne y pan);165;1 unidad;494;55,94;22,61;21,62;7,59;10;1,68;64,35;0;0;0;115,5;188,1;709,5;265,65;34,65;4,46;3,66;0,17;0,4;0;0;0;0;0;0,61;0,5;6,77;0,68;0,12;46,2;1,63;0;;;;;;;;
CR8;442;Hamburguesa mediana(carne, condimento y pan);200;1 unidad grande;494;49,6;23,4;24,6;7,52;9,62;4,68;48;0;0;0;114;226;916;412;40;4,8;3,74;0,18;0,46;0;0;0;0;16;0,42;0,36;6,8;0,54;0,22;34;1,6;4;;;;;;;;
CR9;443;Hamburguesa grande carne y verdura;215;1 unidad grande;494;39,56;25,37;27,09;10,28;11,27;2,17;86;0;0;0;94,6;230,05;812,7;473;43;4,95;4,82;0,19;0,34;0;0;0;0;32,25;0,41;0,37;7,1;0,71;0,32;36,55;2,34;2,15;;;;;;;;
CR10;444;Hamburguesa con queso, carne y condimentos;195;2 unidades grandes;494;45,83;27,5;24,38;10,88;9,22;1,89;64,35;0;0;0;191,1;304,2;1062,75;384,15;35,1;4,29;0;0,18;0,31;0;0;0;0;161,85;0,43;0,39;6,44;0,55;0,2;31,2;1,62;3,9;;;;;;;;
CR11;445;Hamburguesa con queso, carne y verdura;220;3 unidades grandes;494;40,26;25,52;28,38;13,13;10,23;2,11;74,8;0;0;0;259,6;308;1394,8;327,8;37,4;3,74;3,74;0,18;0,42;0;0;0;0;101,2;0,46;0,33;9,02;0,48;0,22;30,8;1,76;4,4;;;;;;;;
CR12;446;Mazorca con mantequilla;485;1 unidad;494;106,22;15,04;11,64;5,48;3,35;2,04;19,4;0;0;0;14,55;358,9;97;1193,1;135,8;2,91;3,01;0,24;0,68;0;0;0;0;29,1;0,82;0,34;7,28;1,21;1,07;145,5;0;24,25;;;;;;;;
CR13;447;Papas a la francesa fritas en aceite;165;1 porcion grande;494;63,69;6,6;26,57;8,07;13,07;4,08;0;0;0;5,78;26,4;219,45;268,95;1174,8;54,45;2,31;0,86;0,23;0,43;0;0;0;0;4,95;0,23;0,07;3,8;0,71;0,43;54,45;0,2;8,25;;;;;;;;
CR14;448;Pizza con queso;230;1 porcion;494;74,75;28,06;11,73;5,64;3,61;1,79;34,5;0;0;0;425,5;411,7;1225,9;400,2;57,5;2,07;2,97;0,3;0,85;0;0;0;0;269,1;0,67;0,6;8,97;0,81;0,16;213,9;1,22;0;;;;;;;;
CR15;449;Pizza con pepperoni;200;1 porcion;494;56;28,6;19,6;6,3;8,84;3,28;40;0;0;0;182;212;752;430;24;2,6;1,46;0,18;0,28;0;0;0;0;154;0,38;0,66;8,6;0,7;0,16;148;0,52;4;;;;;;;;
CR16;450;Sanduche de jamon y queso;210;1 unidad grande;494;47,88;29,82;22,26;9,26;9,7;1,97;84;0;0;0;186,9;218,4;1108,8;417,9;23,1;4,62;1,97;0,27;0,21;0;0;0;0;109,2;0,44;0,69;3,78;1,49;0,29;102,9;0,78;4,2;;;;;;;;
CR17;451;Sanduche de pollo;180;1 unidad grande;494;38,34;23,94;29,16;8,44;10,3;8,3;59,4;0;0;0;59,4;230,4;946,8;349,2;34,2;4,68;1,85;0,23;0,47;0;0;0;0;30,6;0,32;0,23;6,66;0,59;0,2;28,8;0,38;9;;;;;;;;
CR18;452;Sanduche de pollo con queso;185;1 unidad grande;494;33,67;23,87;31,45;10,1;11,08;8,07;62,9;0;0;0;209,5;329,3;1004,55;270,1;35,15;2,96;2,35;0,15;0,31;0;0;0;0;103,6;0,33;0,37;7,4;1,09;0,33;37;0,37;1,85;;;;;;;;
CR19;453;Taco  ;240;1 unidad grande;494;37,44;29,04;28,8;15,96;20,76;1,34;79,2;0;0;0;309,6;285,6;1125,6;664,8;98,4;3,36;5,52;0,29;0,62;0;0;0;0;206,4;0,22;0,62;4,56;2,38;0,34;96;1,46;2,4;;;;;;;;
;;;;Promedio;494;55,91;22,32;21,84;9,00;8,95;2,82;57,81;0,00;0,00;0,30;160,52;236,90;1006,34;542,59;58,77;3,94;2,85;0,26;0,52;0,00;0,00;0,00;0,00;99,00;0,45;0,54;6,23;1,26;0,31;83,41;1,15;4,58;;;;;;;;
ES1;454;Cebolla comun hojas y tallo;5;n.n;1;0,28;0,09;0,01;0;0;0;0;0;0;0,13;3;1,65;0,2;12,85;1;0,1;0,02;0;0;0;0;0;0;25;0;0,01;0,01;0,01;0;0,7;0;2,25;Aprobado;;;;;;;
ES2;455;Ajo picante (todas las variedades);3;n.n;1;0,24;0,05;0,01;0;0;0;0;0;0;0,04;0,45;1,15;0,18;8,5;0,63;0,03;0,01;0;0,01;0;0;0;0;26,88;0;0;0,03;0;0,01;0,58;0;6,08;;;;;;;;
ES3;456;Ajo  ;1;n.n;1;0,33;0,06;0,01;0;0;0;0;0;0;0,02;1,81;1,53;0,17;4,01;0,25;0,02;0;0;0;0,01;0;0;0;0;0;0;0,01;0;0;0,03;0;0,31;;;;;;;;
ES4;457;Albahaca fresca;5;n.n;1;0,22;0,13;0,03;0;0;0,02;0;0;0;0,2;7,7;3,45;0,2;23,1;4,05;0,16;0,04;0,01;0,07;0;0;0;0;19,3;0;0;0,05;0,01;0,01;3,2;0;0,9;;;;;;;;
ES5;458;Albahaca molida;1;n.n;1;0,61;0,14;0,04;0;0;0;0;0;0;0,41;21,13;4,9;0,34;34,33;4,22;0,42;0,06;0;0;0;0;0;0;9,38;0;0;0,07;0;0;0;0;0,61;;;;;;;;
ES6;459;Azafran;1;n.n;1;0,65;0,11;0,06;0;0;0;0;0;0;0,04;1,11;2,52;1,84;17,24;0;0,11;0;0;0;0,06;0,02;0;0;0;0;0;0;0;0;0;0;0;;;;;;;;
ES7;460;Canela molida;1;n.n;1;0,8;0,04;0,03;0,01;0;0,01;0;0;0;0,54;12,28;0,61;0,26;5;0,56;0,38;0,02;0;0;0;0;0;0;0,26;0;0;0,01;0;0;0;0;0,28;;;;;;;;
ES8;461;Cardamo molido;1;n.n;1;0,69;0,11;0,07;0,01;0,01;0;0;0;0;0,28;3,83;1,78;0,18;11,19;2,29;0,14;0,07;0;0;0;0;0;0;0;0;0;0,01;0;0;0;0;0;;;;;;;;
ES9;462;Cebollin;5;n.n;1;0,19;0,14;0,03;0,01;0;0,01;0;0;0;0,13;4,05;2,55;0,3;12,5;2,75;0,08;0;0;0;0;0;0;0;32;0,01;0,01;0,04;0,01;0,01;0;0;3,95;;;;;;;;
ES10;463;Cilantro, hojas y tallo;5;n.n;1;0,13;0,12;0,03;0;0;0;0;0;0;0,12;4,9;1,8;1,4;27,1;1,3;0,1;0;0;0;0;0;0;0;13,85;0;0,01;0,04;0;0;0;0;0,55;;;;;;;;
ES11;464;Clavos molidos;1;n.n;1;0,61;0,06;0,2;0,04;0;0;0;0;0;0,34;6,46;1,05;2,43;11,02;2,64;0,09;0,01;0;0;0,06;0,02;0;0;0,53;0;0;0,02;0;0;0;0;0,81;;;;;;;;
ES12;465;Comino semilla;1;n.n;1;0,44;0,18;0,22;0;0;0;0;0;0;0,11;9,31;4,99;1,68;17,88;3,66;0,66;0,05;0;0;0,05;0,01;0;0;1,27;0,01;0;0,05;0;0;0;0;0,08;;;;;;;;
ES13;466;Curry polvo (comino, pimienta blanca, jengibre);1;n.n;1;0,58;0,02;0,14;0;0;0;0;0;0;0,33;4,78;3,49;0,52;15,43;2,54;0,3;0,04;0;0;0,17;0;0;0;0,99;0;0;0,04;0;0;0;0;0,11;;;;;;;;
ES14;467;Chile polvo (comino, oregano, sal, ajo, pimienta roja);1;n.n;1;0,55;0,12;0,17;0;0;0;0;0;0;0,34;2,78;3,03;0;0;0;0,14;0;0;0;0,09;0,01;0;0;34,93;0;0,01;0,08;0;0;0;0;0,64;;;;;;;;
ES15;468;Eneldo fresco;3;n.n;1;0,18;0,09;0,03;0;0,02;0;0;0;0;0,05;5,2;1,65;1,53;18,45;1,38;0,17;0,02;0;3,15;0,3;0,03;0;0;19,3;0;0,01;0,04;0,01;0;3,75;0;2,13;;;;;;;;
ES16;469;Estragon molido;1;n.n;1;0,5;0,23;0,07;0;0;0;0;0;0;0,07;11,39;3,13;10,1;19,16;1,7;0,32;0,03;0;0;0;0,02;0;0;4,2;0;0,01;0,09;0;0;0;0;0;;;;;;;;
ES17;470;Jenjigre molido;1;n.n;1;0,71;0,09;0,06;0,02;0,01;0,01;0;0;0;0,13;1,16;1,48;0,62;30,2;3,47;0,12;3,09;0;0;0,39;0;0;0;0,15;0;0;0,05;0;0;0;0;0;;;;;;;;
ES18;471;Laurel hojas maduras;1;n.n;1;0,43;0,04;0,01;0;0;0;0;0;0;0;1,87;0,7;0,32;13,42;1,84;0,05;0,05;0;0;0;0;0;0;1,5;0;0;0,02;0;0;0;0;0,54;;;;;;;;
ES19;472;Laurel seco desmenuzado;1;n.n;1;0,75;0,08;0,08;0,02;0,02;0,02;0;0;0;0,26;8,34;1,13;0,23;5,29;1,2;0,43;0,04;0;0;0;0;0;0;6,18;0;0;0,02;0;0;0;0;0,47;;;;;;;;
ES20;473;Mejorana hoja seca;1;n.n;1;0,6;0,13;0,07;0,01;0,01;0,04;0;0;0;0,4;19,9;3,06;0,77;15,22;3,46;0,83;0,04;0,01;0,05;0;0;0;0;8,07;0;0;0,04;0;0,01;0,03;0;0,51;;;;;;;;
ES21;474;Nuez moscada molida;1;n.n;1;0,49;0,06;0,36;0,26;0,03;0;0;0;0;0,21;1,84;2,13;0,16;3,5;1,83;0,03;0,02;0;0;0,02;0,03;0;0;0,1;0;0;0,01;0;0;0;0;0;;;;;;;;
ES22;475;Oregano molido;1;n.n;1;0,64;0,11;0,1;0,03;0,01;0,05;0;0;0;0,43;15,76;2;0,15;16,69;2,7;0,44;0,04;0;0;0;0;0;0;6,9;0;0;0,06;0;0;0;0;0;;;;;;;;
ES23;476;Paprika;1;n.n;1;0,56;0,15;0,13;0,02;0,01;0,08;0;0;0;0,21;1,77;3,45;0,34;23,44;1,85;0,24;0,04;0;0;0,04;0,01;0;0;60,6;0,01;0,02;0,15;0;0;0;0;0,71;;;;;;;;
ES24;477;Perejil;5;n.n;1;0,35;0,11;0,02;0;0;0;0;0;0;0,17;6,5;2,05;1,95;26,8;2,2;0,31;0,04;0;0,01;0;0;0;0;26;0;0,01;0,04;0,02;0,01;9,15;0;4,5;;;;;;;;
ES25;478;Pimienta blanca;1;n.n;1;0,69;0,1;0,02;0;0;0;0;0;0;0,26;2,65;1,76;0,73;1,76;0,9;0,14;0,01;0;0;0;0;0;0;0;0;0;0;0;0;0;0;0;;;;;;;;
ES26;479;Pimienta negra;1;n.n;1;0,65;0,11;0,03;0,01;0,01;0,02;0;0;0;0,27;4,37;1,73;0,44;12,59;1,94;0,29;0,01;0;0;0;0;0;0;0,19;0;0;0,01;0;0;1,09;0;0;;;;;;;;
ES27;480;Romero fresco;1;n.n;1;0,21;0,03;0,06;0,03;0,01;0,01;0;0;0;0,14;3,13;0,66;0,26;6,68;0,91;0,07;0,01;0;0,01;0;0;0;0;2,92;0;0;0,01;0,01;0;0;0;0,22;;;;;;;;
ES28;481;Romero seco;1;n.n;1;0,64;0,05;0,15;0,08;0;0;0;0;0;0,43;12,8;0,7;0,5;9,55;2,2;0,29;0,03;0,01;0,02;0;0;0;0;3,13;0,01;0;0,01;0;0;0;0;0,61;;;;;;;;
ES29;482;Sal de mesa;1;n.n;1;0;0;0;0;0;0;0;0;0;0;0,24;0;387,58;0,08;0,01;0;0;0;0;0;0;0;0;0;0;0;0;0;0;0;0;0;;;;;;;;
ES30;483;Sazonador de pollo (pimienta, tomillo, nuez, etc);1;n.n;1;0,66;0,1;0,08;0;0;0;0;0;0;0,11;9,96;1,71;0,27;6,84;2,24;0,35;0,03;0;0;0;0;0;0;2,63;0;0;0,03;0;0;0,45;0;0,12;;;;;;;;
ES31;484;Tomillo fresco;1;n.n;1;0,25;0,06;0,02;0;0;0,01;0;0;0;0,14;4,05;1,06;0,09;6,09;1,6;0,18;0,02;0,01;0,02;0;0;0;0;4,75;0;0;0,02;0;0;0;0;1,6;;;;;;;;
ES32;485;Tomillo molido;1;n.n;1;0,64;0,09;0,07;0,03;0;0,01;0;0;0;0,37;18,9;2,01;0,55;8,14;2,2;1,24;0,06;0;0;0,05;0,02;0;0;3,8;0,01;0;0,05;0;0;0;0;0;;;;;;;;
ES33;486;Vinagre destilado;10;n.n;1;0;0;0;0;0;0;0;0;0;0;0;0;0,1;1,5;0;0;0;0;0;0;0;0;0;0;0;0;0;0;0;0;0;0;;;;;;;;
ES34;487;Vinagre de sidra;10;n.n;1;0;0;0;0;0;0;0;0;0;0;0,6;0,9;0,1;10;0,1;0,06;0,01;0,01;0;0;0;0;0;0;0;0;0;0;0;0;0;0;;;;;;;;
;;;;Promedio;1;0,45;0,09;0,07;0,02;0,00;0,01;0,00;0,00;0,00;0,20;6,29;1,94;12,25;12,81;1,75;0,24;0,12;0,00;0,10;0,04;0,01;0,00;0,00;9,26;0,00;0,00;0,03;0,00;0,00;0,56;0,00;0,82;;;;;;;;
